file,gt,emotion_before,prob_before,emotion_after,prob_after
angry/angry_0026.jpg,angry,angry,0.7974,angry,0.9867
angry/angry_0055.jpg,angry,angry,0.796,angry,0.8915
angry/angry_0058.jpg,angry,angry,0.8536,angry,0.9954
angry/angry_0072.jpg,angry,angry,0.998,angry,0.9846
angry/angry_0082.jpg,angry,sad,0.5377,neutral,0.5932
angry/angry_0090.jpg,angry,fear,0.4483,angry,0.677
angry/angry_0120.jpg,angry,neutral,0.7822,neutral,0.5656
angry/angry_0137.jpg,angry,fear,0.5945,sad,0.9932
angry/angry_0156.jpg,angry,angry,0.8644,angry,0.9921
angry/angry_0200.jpg,angry,angry,0.9967,fear,0.6548
angry/angry_0201.jpg,angry,sad,0.2758,sad,0.7537
angry/angry_0212.jpg,angry,sad,0.5478,sad,0.9708
angry/angry_0228.jpg,angry,sad,0.8728,angry,0.4874
angry/angry_0232.jpg,angry,angry,0.263,neutral,0.9286
angry/angry_0287.jpg,angry,sad,0.632,angry,0.4868
angry/angry_0308.jpg,angry,angry,0.9664,angry,0.5948
angry/angry_0361.jpg,angry,sad,0.4821,surprise,0.3463
angry/angry_0367.jpg,angry,sad,0.5473,sad,0.6382
angry/angry_0377.jpg,angry,angry,0.8122,sad,0.7804
angry/angry_0446.jpg,angry,fear,0.3432,neutral,0.4263
angry/angry_0452.jpg,angry,sad,0.4154,neutral,0.9489
angry/angry_0494.jpg,angry,angry,0.9422,angry,0.4346
angry/angry_0531.jpg,angry,angry,0.9699,angry,0.9761
angry/angry_0547.jpg,angry,sad,0.9542,sad,0.9849
angry/angry_0549.jpg,angry,angry,0.9377,angry,0.7155
angry/angry_0553.jpg,angry,angry,0.9466,angry,0.6103
angry/angry_0597.jpg,angry,angry,0.8322,neutral,0.3745
angry/angry_0624.jpg,angry,angry,0.9864,angry,0.8113
angry/angry_0656.jpg,angry,sad,0.8659,sad,0.898
angry/angry_0753.jpg,angry,angry,0.9307,angry,0.7373
angry/angry_0791.jpg,angry,angry,0.6909,sad,0.9488
angry/angry_0813.jpg,angry,sad,0.6909,neutral,0.8159
angry/angry_0816.jpg,angry,sad,0.9415,sad,0.769
angry/angry_0818.jpg,angry,sad,0.9064,sad,0.6102
angry/angry_0827.jpg,angry,angry,0.7303,angry,0.9955
angry/angry_0854.jpg,angry,angry,0.3745,neutral,0.4018
angry/angry_0888.jpg,angry,angry,0.9444,angry,0.7948
angry/angry_0899.jpg,angry,sad,0.6526,fear,0.4029
angry/angry_0908.jpg,angry,fear,0.4058,neutral,0.8334
angry/angry_0919.jpg,angry,angry,0.7174,sad,0.7415
angry/angry_0952.jpg,angry,angry,0.7956,angry,0.5902
angry/angry_1075.jpg,angry,fear,0.4218,angry,0.9992
angry/angry_1098.jpg,angry,sad,0.4466,sad,0.5061
angry/angry_1150.jpg,angry,fear,0.6691,neutral,0.8581
angry/angry_1184.jpg,angry,angry,0.7849,angry,0.5901
angry/angry_1223.jpg,angry,angry,0.99,angry,0.9977
angry/angry_1249.jpg,angry,fear,0.4231,surprise,0.547
angry/angry_1329.jpg,angry,angry,0.9851,angry,0.8537
angry/angry_1330.jpg,angry,angry,0.637,angry,0.9881
angry/angry_1337.jpg,angry,sad,0.6603,sad,0.8942
angry/angry_1378.jpg,angry,angry,0.5175,fear,0.6601
angry/angry_1403.jpg,angry,angry,0.7646,angry,0.9924
angry/angry_1420.jpg,angry,angry,0.4906,angry,0.9658
angry/angry_1432.jpg,angry,surprise,0.7233,surprise,0.6535
angry/angry_1436.jpg,angry,fear,0.6011,sad,0.709
angry/angry_1438.jpg,angry,happy,0.3406,happy,0.799
angry/angry_1453.jpg,angry,fear,0.8737,angry,0.3866
angry/angry_1487.jpg,angry,sad,0.5372,sad,0.9914
angry/angry_1514.jpg,angry,fear,0.694,angry,0.4052
angry/angry_1543.jpg,angry,angry,0.6948,angry,0.908
angry/angry_1553.jpg,angry,angry,0.8111,sad,0.9167
angry/angry_1565.jpg,angry,sad,0.4595,angry,0.6995
angry/angry_1614.jpg,angry,fear,0.4603,sad,0.9378
angry/angry_1686.jpg,angry,sad,0.9654,angry,0.7042
angry/angry_1688.jpg,angry,sad,0.4853,sad,0.8635
angry/angry_1697.jpg,angry,surprise,0.7149,surprise,0.4842
angry/angry_1727.jpg,angry,angry,0.5775,sad,0.8788
angry/angry_1742.jpg,angry,neutral,0.353,neutral,0.6844
angry/angry_1745.jpg,angry,angry,0.8512,angry,0.9865
angry/angry_1820.jpg,angry,angry,0.5613,sad,0.533
angry/angry_1840.jpg,angry,fear,0.7322,neutral,0.4752
angry/angry_1855.jpg,angry,angry,0.6721,fear,0.9422
angry/angry_1873.jpg,angry,surprise,0.6142,neutral,0.542
angry/angry_1936.jpg,angry,sad,0.6947,surprise,0.9466
angry/angry_1941.jpg,angry,angry,0.8841,angry,0.7246
angry/angry_1947.jpg,angry,fear,0.7938,angry,0.6682
angry/angry_1950.jpg,angry,fear,0.4837,angry,0.6802
angry/angry_2105.jpg,angry,angry,0.9296,angry,0.9334
angry/angry_2168.jpg,angry,angry,0.9372,angry,0.8247
angry/angry_2382.jpg,angry,angry,0.6224,angry,0.8209
angry/angry_2464.jpg,angry,sad,0.4182,sad,0.5741
angry/angry_2472.jpg,angry,sad,0.3862,angry,0.8895
angry/angry_2507.jpg,angry,sad,0.9431,angry,0.5831
angry/angry_2511.jpg,angry,angry,0.5818,angry,0.9763
angry/angry_2550.jpg,angry,fear,0.7334,fear,0.4142
angry/angry_2565.jpg,angry,surprise,0.7943,sad,0.58
angry/angry_2573.jpg,angry,angry,0.9066,angry,0.4416
angry/angry_2586.jpg,angry,sad,0.9583,sad,0.997
angry/angry_2610.jpg,angry,sad,0.6777,angry,0.7681
angry/angry_2732.jpg,angry,fear,0.9484,surprise,0.5731
angry/angry_2735.jpg,angry,sad,0.8301,sad,0.9932
angry/angry_2750.jpg,angry,fear,0.9827,angry,0.9028
angry/angry_2756.jpg,angry,angry,0.9894,angry,0.9737
angry/angry_2764.jpg,angry,neutral,0.7368,angry,0.6413
angry/angry_2770.jpg,angry,sad,0.8519,angry,0.923
angry/angry_2856.jpg,angry,sad,0.9609,neutral,0.7489
angry/angry_2867.jpg,angry,fear,0.5792,sad,0.5603
angry/angry_2908.jpg,angry,neutral,0.7789,fear,0.4369
angry/angry_2927.jpg,angry,surprise,0.7943,sad,0.58
angry/angry_2937.jpg,angry,neutral,0.7034,sad,0.498
angry/angry_2981.jpg,angry,fear,0.5632,angry,0.9979
angry/angry_3016.jpg,angry,angry,0.5213,angry,0.7812
angry/angry_3152.jpg,angry,sad,0.8653,sad,0.9896
angry/angry_3156.jpg,angry,fear,0.7562,angry,0.6657
angry/angry_3166.jpg,angry,fear,0.68,neutral,0.4526
angry/angry_3184.jpg,angry,angry,0.9338,angry,0.7532
angry/angry_3199.jpg,angry,angry,0.8729,angry,0.9906
angry/angry_3211.jpg,angry,angry,0.4345,angry,0.9655
angry/angry_3252.jpg,angry,angry,0.4961,surprise,0.7301
angry/angry_3304.jpg,angry,angry,0.9358,angry,0.9967
angry/angry_3384.jpg,angry,angry,0.9178,angry,0.8237
angry/angry_3434.jpg,angry,angry,0.9949,sad,0.7621
angry/angry_3463.jpg,angry,angry,0.968,sad,0.492
angry/angry_3682.jpg,angry,angry,0.9423,angry,0.9678
angry/angry_3684.jpg,angry,angry,0.5727,angry,0.4813
angry/angry_3692.jpg,angry,fear,0.7511,sad,0.9397
angry/angry_3778.jpg,angry,angry,0.918,angry,0.9746
angry/angry_3781.jpg,angry,fear,0.8196,sad,0.793
angry/angry_3815.jpg,angry,surprise,0.3718,angry,0.6513
angry/angry_3875.jpg,angry,sad,0.414,angry,0.9957
angry/angry_3924.jpg,angry,sad,0.8402,neutral,0.8849
angry/angry_3973.jpg,angry,angry,0.5486,sad,0.4272
angry/angry_6063.jpg,angry,fear,0.9575,sad,0.7125
angry/angry_6220.jpg,angry,angry,0.8989,angry,0.9985
angry/angry_6429.jpg,angry,fear,0.7145,angry,0.4976
angry/angry_6594.jpg,angry,angry,0.8966,angry,0.8193
angry/angry_6617.jpg,angry,fear,0.7979,angry,0.6446
angry/angry_6693.jpg,angry,neutral,0.5731,angry,0.9305
angry/angry_6749.jpg,angry,angry,0.8216,angry,0.9611
angry/angry_6752.jpg,angry,surprise,0.4718,angry,0.4028
angry/angry_6883.jpg,angry,sad,0.6212,sad,0.7591
angry/angry_6991.jpg,angry,sad,0.5486,sad,0.9431
angry/angry_6997.jpg,angry,neutral,0.5273,neutral,0.9244
angry/angry_7007.jpg,angry,sad,0.536,angry,0.6654
angry/angry_7012.jpg,angry,sad,0.8845,angry,0.8959
angry/angry_7156.jpg,angry,angry,0.9498,angry,0.7171
angry/angry_7197.jpg,angry,sad,0.7261,angry,0.9813
angry/angry_7280.jpg,angry,fear,0.4398,sad,0.8596
angry/angry_7283.jpg,angry,fear,0.5957,angry,0.9981
angry/angry_7316.jpg,angry,sad,0.3863,angry,0.9976
angry/angry_7351.jpg,angry,sad,0.4197,angry,0.9754
angry/angry_7495.jpg,angry,sad,0.8528,sad,0.6119
angry/angry_7501.jpg,angry,sad,0.5114,happy,0.4113
angry/angry_7505.jpg,angry,angry,0.9273,sad,0.5482
angry/angry_7513.jpg,angry,angry,0.835,surprise,0.512
angry/angry_7522.jpg,angry,sad,0.7578,sad,0.8038
angry/angry_7525.jpg,angry,angry,0.7909,angry,0.9927
angry/angry_7558.jpg,angry,sad,0.6551,angry,0.8524
angry/angry_7597.jpg,angry,fear,0.4216,neutral,0.5066
angry/angry_7631.jpg,angry,fear,0.7425,sad,0.7011
angry/angry_7632.jpg,angry,sad,0.9335,angry,0.9925
angry/angry_7646.jpg,angry,sad,0.6952,sad,0.8998
disgust/disgust_0018.jpg,disgust,surprise,0.49,angry,0.6515
disgust/disgust_0025.jpg,disgust,angry,0.9051,angry,0.902
disgust/disgust_0035.jpg,disgust,angry,0.6738,sad,0.8965
disgust/disgust_0044.jpg,disgust,fear,0.508,angry,0.8074
disgust/disgust_0056.jpg,disgust,sad,0.3588,angry,0.4093
disgust/disgust_0072.jpg,disgust,angry,0.4608,angry,0.8445
disgust/disgust_0078.jpg,disgust,sad,0.9708,sad,0.9933
disgust/disgust_0126.jpg,disgust,fear,0.8977,sad,0.2765
disgust/disgust_0157.jpg,disgust,sad,0.9582,sad,0.9404
disgust/disgust_0164.jpg,disgust,angry,0.7967,sad,0.7589
disgust/disgust_0190.jpg,disgust,sad,0.6413,sad,0.98
disgust/disgust_0230.jpg,disgust,sad,0.7721,sad,0.7724
disgust/disgust_0231.jpg,disgust,sad,0.8894,sad,0.9971
disgust/disgust_0238.jpg,disgust,angry,0.9122,angry,0.6822
disgust/disgust_0265.jpg,disgust,fear,0.5733,fear,0.5583
disgust/disgust_0294.jpg,disgust,sad,0.9791,sad,0.8795
disgust/disgust_0295.jpg,disgust,sad,0.9789,sad,0.9988
disgust/disgust_0316.jpg,disgust,angry,0.7724,angry,0.816
disgust/disgust_0324.jpg,disgust,happy,0.4344,angry,0.8672
disgust/disgust_0358.jpg,disgust,sad,0.7137,happy,0.4424
disgust/disgust_0361.jpg,disgust,angry,0.5116,angry,0.7297
disgust/disgust_0375.jpg,disgust,angry,0.815,angry,0.9993
disgust/disgust_0381.jpg,disgust,disgust,0.4234,angry,0.8678
disgust/disgust_0430.jpg,disgust,fear,0.3816,disgust,0.5778
disgust/disgust_0434.jpg,disgust,fear,0.6132,angry,0.9481
disgust/disgust_0460.jpg,disgust,angry,0.9923,angry,0.9546
disgust/disgust_0466.jpg,disgust,neutral,0.48,happy,0.9008
disgust/disgust_0470.jpg,disgust,sad,0.9959,sad,0.9998
disgust/disgust_0482.jpg,disgust,angry,0.6204,angry,0.8693
disgust/disgust_0495.jpg,disgust,sad,0.8626,sad,0.7068
disgust/disgust_0511.jpg,disgust,sad,0.7913,sad,0.5958
disgust/disgust_0522.jpg,disgust,fear,0.6877,angry,0.4731
disgust/disgust_0538.jpg,disgust,angry,0.4892,angry,0.8048
disgust/disgust_0549.jpg,disgust,fear,0.93,fear,0.6685
disgust/disgust_0564.jpg,disgust,angry,0.6247,angry,0.7724
disgust/disgust_0634.jpg,disgust,fear,0.7905,surprise,0.5228
disgust/disgust_0664.jpg,disgust,sad,0.9235,sad,0.9988
disgust/disgust_0668.jpg,disgust,fear,0.5284,neutral,0.8064
disgust/disgust_0684.jpg,disgust,fear,0.6871,surprise,0.9632
disgust/disgust_0699.jpg,disgust,neutral,0.5987,neutral,0.6711
disgust/disgust_0731.jpg,disgust,disgust,0.5477,angry,0.778
disgust/disgust_0785.jpg,disgust,sad,0.7421,angry,0.8567
disgust/disgust_0787.jpg,disgust,sad,0.9534,happy,0.9171
disgust/disgust_0792.jpg,disgust,angry,0.8748,disgust,0.9162
disgust/disgust_0808.jpg,disgust,sad,0.3841,happy,0.8938
disgust/disgust_0822.jpg,disgust,sad,0.8188,angry,0.8131
disgust/disgust_0888.jpg,disgust,fear,0.6261,fear,0.9029
disgust/disgust_0963.jpg,disgust,angry,0.3611,angry,0.7923
disgust/disgust_0980.jpg,disgust,surprise,0.409,angry,0.5692
disgust/disgust_0983.jpg,disgust,sad,0.7236,angry,0.9563
disgust/disgust_0987.jpg,disgust,sad,0.9797,sad,0.9977
disgust/disgust_0997.jpg,disgust,fear,0.8446,sad,0.9683
disgust/disgust_1034.jpg,disgust,sad,0.3272,angry,0.9182
disgust/disgust_1041.jpg,disgust,sad,0.7613,neutral,0.8419
disgust/disgust_1047.jpg,disgust,sad,0.8224,sad,0.9167
disgust/disgust_1052.jpg,disgust,sad,0.8907,sad,0.7395
disgust/disgust_1058.jpg,disgust,angry,0.9898,angry,0.9993
disgust/disgust_1065.jpg,disgust,angry,0.765,angry,0.6501
disgust/disgust_1080.jpg,disgust,surprise,0.4427,happy,0.6056
disgust/disgust_1082.jpg,disgust,sad,0.6239,sad,0.8623
disgust/disgust_1091.jpg,disgust,fear,0.9396,angry,0.5897
disgust/disgust_1140.jpg,disgust,sad,0.5814,sad,0.9144
disgust/disgust_1147.jpg,disgust,sad,0.6283,sad,0.8326
disgust/disgust_1165.jpg,disgust,fear,0.6234,sad,0.8992
disgust/disgust_1172.jpg,disgust,sad,0.95,sad,0.9338
disgust/disgust_1222.jpg,disgust,sad,0.9373,sad,0.8439
disgust/disgust_1272.jpg,disgust,angry,0.8964,neutral,0.6855
disgust/disgust_1326.jpg,disgust,neutral,0.8787,angry,0.621
disgust/disgust_1337.jpg,disgust,surprise,0.5644,sad,0.7161
disgust/disgust_1368.jpg,disgust,angry,0.7008,sad,0.6922
disgust/disgust_1374.jpg,disgust,angry,0.8772,angry,0.7664
disgust/disgust_1377.jpg,disgust,angry,0.7429,angry,0.9677
disgust/disgust_1407.jpg,disgust,angry,0.9876,angry,0.9975
disgust/disgust_1427.jpg,disgust,fear,0.5127,sad,0.8654
disgust/disgust_1454.jpg,disgust,fear,0.7498,sad,0.6415
disgust/disgust_1465.jpg,disgust,fear,0.438,fear,0.9301
disgust/disgust_1469.jpg,disgust,angry,0.3141,angry,0.784
disgust/disgust_1471.jpg,disgust,disgust,0.6339,angry,0.6249
disgust/disgust_1521.jpg,disgust,disgust,0.4153,angry,0.7918
disgust/disgust_1557.jpg,disgust,sad,0.6351,angry,0.9138
disgust/disgust_1572.jpg,disgust,angry,0.9457,angry,0.6466
disgust/disgust_1598.jpg,disgust,neutral,0.4949,neutral,0.4697
disgust/disgust_1609.jpg,disgust,angry,0.7079,sad,0.9413
disgust/disgust_1612.jpg,disgust,sad,0.7963,neutral,0.5003
disgust/disgust_1636.jpg,disgust,fear,0.8915,fear,0.7271
disgust/disgust_1638.jpg,disgust,sad,0.512,sad,0.9548
disgust/disgust_1646.jpg,disgust,angry,0.6117,angry,0.9837
disgust/disgust_1662.jpg,disgust,angry,0.3177,angry,0.5475
disgust/disgust_1685.jpg,disgust,fear,0.5597,angry,0.6484
disgust/disgust_1694.jpg,disgust,sad,0.5523,angry,0.9503
disgust/disgust_1714.jpg,disgust,surprise,0.4581,surprise,0.8691
disgust/disgust_1724.jpg,disgust,sad,0.3233,neutral,0.4973
disgust/disgust_1753.jpg,disgust,sad,0.419,angry,0.7199
disgust/disgust_1760.jpg,disgust,sad,0.7782,sad,0.693
disgust/disgust_1793.jpg,disgust,surprise,0.5478,angry,0.9221
disgust/disgust_1818.jpg,disgust,neutral,0.3391,happy,0.4918
disgust/disgust_1860.jpg,disgust,sad,0.5527,sad,0.5331
disgust/disgust_1873.jpg,disgust,sad,0.6228,angry,0.7784
disgust/disgust_1878.jpg,disgust,sad,0.9862,sad,0.9881
disgust/disgust_1902.jpg,disgust,sad,0.5484,sad,0.6379
disgust/disgust_1921.jpg,disgust,sad,0.902,sad,0.9987
disgust/disgust_1936.jpg,disgust,angry,0.5121,angry,0.7924
disgust/disgust_1941.jpg,disgust,fear,0.832,sad,0.6767
disgust/disgust_1944.jpg,disgust,surprise,0.2981,disgust,0.5723
disgust/disgust_1961.jpg,disgust,sad,0.6434,disgust,0.5808
disgust/disgust_1962.jpg,disgust,fear,0.6172,sad,0.9263
disgust/disgust_1966.jpg,disgust,angry,0.4151,angry,0.9443
disgust/disgust_1988.jpg,disgust,angry,0.3177,angry,0.5475
disgust/disgust_1998.jpg,disgust,angry,0.5973,angry,0.9649
disgust/disgust_2018.jpg,disgust,angry,0.9103,angry,0.9945
disgust/disgust_2060.jpg,disgust,sad,0.4825,sad,0.6205
disgust/disgust_2081.jpg,disgust,angry,0.3992,angry,0.9864
disgust/disgust_2147.jpg,disgust,surprise,0.7116,fear,0.4565
disgust/disgust_2195.jpg,disgust,fear,0.5246,fear,0.733
disgust/disgust_2214.jpg,disgust,surprise,0.8987,surprise,0.689
disgust/disgust_2225.jpg,disgust,angry,0.9947,angry,0.9987
disgust/disgust_2226.jpg,disgust,angry,0.9875,angry,0.9993
disgust/disgust_2231.jpg,disgust,sad,0.5998,sad,0.9789
disgust/disgust_2241.jpg,disgust,sad,0.7529,sad,0.9644
disgust/disgust_2263.jpg,disgust,sad,0.3983,happy,0.9363
disgust/disgust_2264.jpg,disgust,fear,0.8168,angry,0.7108
disgust/disgust_2283.jpg,disgust,sad,0.6576,angry,0.9253
disgust/disgust_2306.jpg,disgust,disgust,0.6483,sad,0.7926
disgust/disgust_2330.jpg,disgust,sad,0.5628,angry,0.8529
disgust/disgust_2331.jpg,disgust,fear,0.5135,sad,0.919
disgust/disgust_2356.jpg,disgust,sad,0.9734,sad,0.8538
disgust/disgust_2401.jpg,disgust,sad,0.7259,neutral,0.9745
disgust/disgust_2403.jpg,disgust,sad,0.4564,sad,0.9135
disgust/disgust_2407.jpg,disgust,angry,0.6934,sad,0.9723
disgust/disgust_2433.jpg,disgust,angry,0.7681,sad,0.9719
disgust/disgust_2466.jpg,disgust,sad,0.9335,angry,0.6437
disgust/disgust_2488.jpg,disgust,surprise,0.7774,sad,0.9322
disgust/disgust_2522.jpg,disgust,fear,0.5166,happy,0.4285
disgust/disgust_2526.jpg,disgust,angry,0.7387,sad,0.6227
disgust/disgust_2528.jpg,disgust,angry,0.479,disgust,0.5925
disgust/disgust_2568.jpg,disgust,surprise,0.9498,angry,0.3898
disgust/disgust_2587.jpg,disgust,fear,0.5816,angry,0.7609
disgust/disgust_2593.jpg,disgust,surprise,0.8173,happy,0.6221
disgust/disgust_2604.jpg,disgust,angry,0.6993,angry,0.8468
disgust/disgust_2643.jpg,disgust,sad,0.4255,disgust,0.514
disgust/disgust_2645.jpg,disgust,angry,0.6928,angry,0.9742
disgust/disgust_2650.jpg,disgust,angry,0.951,angry,0.8474
disgust/disgust_2673.jpg,disgust,surprise,0.8241,fear,0.6716
disgust/disgust_2678.jpg,disgust,fear,0.774,neutral,0.9977
disgust/disgust_2692.jpg,disgust,sad,0.7699,sad,0.9681
disgust/disgust_2700.jpg,disgust,angry,0.8734,angry,0.4963
disgust/disgust_2706.jpg,disgust,fear,0.4424,angry,0.9301
disgust/disgust_2720.jpg,disgust,sad,0.864,sad,0.9944
disgust/disgust_2753.jpg,disgust,sad,0.3753,sad,0.4855
disgust/disgust_2773.jpg,disgust,angry,0.4168,neutral,0.3653
disgust/disgust_2784.jpg,disgust,disgust,0.4209,disgust,0.7636
disgust/disgust_2803.jpg,disgust,sad,0.5044,neutral,0.348
disgust/disgust_2814.jpg,disgust,sad,0.6396,sad,0.8116
disgust/disgust_2830.jpg,disgust,angry,0.7368,neutral,0.5606
disgust/disgust_2840.jpg,disgust,sad,0.8558,sad,0.5348
disgust/disgust_2868.jpg,disgust,angry,0.3464,neutral,0.4601
disgust/disgust_2870.jpg,disgust,surprise,0.7116,fear,0.4565
disgust/disgust_2881.jpg,disgust,sad,0.3972,sad,0.7474
disgust/disgust_2882.jpg,disgust,neutral,0.5519,happy,0.4777
disgust/disgust_2895.jpg,disgust,fear,0.819,sad,0.6465
disgust/disgust_2897.jpg,disgust,sad,0.9908,sad,0.9904
disgust/disgust_2900.jpg,disgust,fear,0.7187,angry,0.5733
disgust/disgust_2926.jpg,disgust,neutral,0.5972,fear,0.6975
disgust/disgust_2934.jpg,disgust,happy,0.5059,sad,0.787
disgust/disgust_2948.jpg,disgust,surprise,0.4168,fear,0.4134
disgust/disgust_2964.jpg,disgust,fear,0.7126,fear,0.8613
disgust/disgust_2966.jpg,disgust,happy,0.6349,happy,0.9861
disgust/disgust_3034.jpg,disgust,angry,0.6356,sad,0.6432
disgust/disgust_3079.jpg,disgust,neutral,0.396,happy,0.8614
disgust/disgust_3101.jpg,disgust,sad,0.9029,sad,0.9849
disgust/disgust_3158.jpg,disgust,sad,0.5197,sad,0.7279
disgust/disgust_3379.jpg,disgust,fear,0.9916,fear,0.5292
disgust/disgust_3585.jpg,disgust,sad,0.6116,sad,0.9623
disgust/disgust_3759.jpg,disgust,sad,0.7865,sad,0.8787
disgust/disgust_3851.jpg,disgust,sad,0.9221,sad,0.7172
disgust/disgust_3880.jpg,disgust,neutral,0.3888,surprise,0.5421
fear/fear_0058.jpg,fear,fear,0.9422,sad,0.9314
fear/fear_0099.jpg,fear,angry,0.4262,fear,0.7311
fear/fear_0104.jpg,fear,fear,0.5478,fear,0.6304
fear/fear_0137.jpg,fear,fear,0.4372,angry,0.5049
fear/fear_0167.jpg,fear,fear,0.9976,fear,0.5368
fear/fear_0199.jpg,fear,surprise,0.6539,fear,0.567
fear/fear_0217.jpg,fear,fear,0.8638,fear,0.9002
fear/fear_0250.jpg,fear,neutral,0.2997,surprise,0.5987
fear/fear_0292.jpg,fear,fear,0.6002,neutral,0.9969
fear/fear_0349.jpg,fear,sad,0.6883,fear,0.4723
fear/fear_0352.jpg,fear,fear,0.7727,angry,0.8219
fear/fear_0367.jpg,fear,surprise,0.8082,fear,0.6025
fear/fear_0375.jpg,fear,fear,0.9524,fear,0.5125
fear/fear_0380.jpg,fear,surprise,0.5411,fear,0.4873
fear/fear_0406.jpg,fear,surprise,0.9869,fear,0.8994
fear/fear_0415.jpg,fear,sad,0.9632,fear,0.9336
fear/fear_0416.jpg,fear,fear,0.7975,fear,0.8376
fear/fear_0443.jpg,fear,surprise,0.4562,angry,0.363
fear/fear_0445.jpg,fear,neutral,0.7518,fear,0.9524
fear/fear_0459.jpg,fear,angry,0.6039,angry,0.5136
fear/fear_0471.jpg,fear,fear,0.9256,fear,0.9651
fear/fear_0475.jpg,fear,fear,0.7701,fear,0.9866
fear/fear_0481.jpg,fear,surprise,0.9784,surprise,0.956
fear/fear_0490.jpg,fear,fear,0.5218,surprise,0.6165
fear/fear_0504.jpg,fear,fear,0.4664,surprise,0.9476
fear/fear_0524.jpg,fear,fear,0.7959,surprise,0.9106
fear/fear_0532.jpg,fear,fear,0.9444,fear,0.6446
fear/fear_0540.jpg,fear,fear,0.5882,fear,0.9021
fear/fear_0553.jpg,fear,surprise,0.825,fear,0.9375
fear/fear_0558.jpg,fear,fear,0.8003,fear,0.8398
fear/fear_0560.jpg,fear,fear,0.9404,fear,0.9769
fear/fear_0586.jpg,fear,surprise,0.9418,fear,0.6651
fear/fear_0595.jpg,fear,angry,0.6382,surprise,0.7569
fear/fear_0610.jpg,fear,surprise,0.984,surprise,0.9852
fear/fear_0638.jpg,fear,surprise,0.8941,surprise,0.4922
fear/fear_0643.jpg,fear,fear,0.525,sad,0.8557
fear/fear_0653.jpg,fear,fear,0.7701,fear,0.9866
fear/fear_0659.jpg,fear,fear,0.9551,fear,0.846
fear/fear_0667.jpg,fear,surprise,0.3986,fear,0.8927
fear/fear_0693.jpg,fear,fear,0.9207,fear,0.9903
fear/fear_0703.jpg,fear,fear,0.8915,fear,0.8995
fear/fear_0741.jpg,fear,sad,0.3296,surprise,0.768
fear/fear_0757.jpg,fear,fear,0.9904,fear,0.8386
fear/fear_0780.jpg,fear,fear,0.928,neutral,0.5814
fear/fear_0790.jpg,fear,surprise,0.5943,fear,0.8391
fear/fear_0797.jpg,fear,surprise,0.8627,fear,0.7823
fear/fear_0815.jpg,fear,sad,0.6755,fear,0.9552
fear/fear_0819.jpg,fear,sad,0.4165,sad,0.5234
fear/fear_0822.jpg,fear,neutral,0.8208,surprise,0.984
fear/fear_0823.jpg,fear,surprise,0.6994,fear,0.941
fear/fear_0828.jpg,fear,fear,0.6668,fear,0.9181
fear/fear_0831.jpg,fear,fear,0.602,fear,0.8516
fear/fear_0848.jpg,fear,fear,0.8412,fear,0.8479
fear/fear_0872.jpg,fear,fear,0.8574,fear,0.8006
fear/fear_0901.jpg,fear,surprise,0.4851,surprise,0.573
fear/fear_0910.jpg,fear,fear,0.5572,angry,0.7891
fear/fear_0911.jpg,fear,fear,0.4981,sad,0.8089
fear/fear_0920.jpg,fear,fear,0.8412,fear,0.8479
fear/fear_0984.jpg,fear,fear,0.5836,sad,0.3335
fear/fear_1008.jpg,fear,fear,0.998,fear,0.9897
fear/fear_1033.jpg,fear,surprise,0.6608,fear,0.9681
fear/fear_1043.jpg,fear,fear,0.8477,fear,0.7631
fear/fear_1046.jpg,fear,fear,0.2971,fear,0.5134
fear/fear_1090.jpg,fear,fear,0.5192,angry,0.475
fear/fear_1103.jpg,fear,fear,0.5025,fear,0.8985
fear/fear_1162.jpg,fear,surprise,0.6803,fear,0.6443
fear/fear_1166.jpg,fear,surprise,0.9761,surprise,0.5238
fear/fear_1168.jpg,fear,surprise,0.5204,fear,0.5936
fear/fear_1170.jpg,fear,fear,0.999,fear,0.9893
fear/fear_1202.jpg,fear,fear,0.551,fear,0.7855
fear/fear_1224.jpg,fear,fear,0.701,sad,0.5886
fear/fear_1235.jpg,fear,angry,0.3845,angry,0.6524
fear/fear_1262.jpg,fear,surprise,0.5693,surprise,0.9226
fear/fear_1269.jpg,fear,surprise,0.9602,fear,0.6212
fear/fear_1301.jpg,fear,fear,0.4195,surprise,0.6918
fear/fear_1316.jpg,fear,fear,0.555,fear,0.9967
fear/fear_1329.jpg,fear,fear,0.543,fear,0.7076
fear/fear_1382.jpg,fear,fear,0.8757,surprise,0.8075
fear/fear_1411.jpg,fear,surprise,0.8046,fear,0.8376
fear/fear_1420.jpg,fear,angry,0.4998,angry,0.6427
fear/fear_1463.jpg,fear,fear,0.9849,fear,0.9063
fear/fear_1478.jpg,fear,sad,0.4606,fear,0.5385
fear/fear_1502.jpg,fear,sad,0.4533,surprise,0.4823
fear/fear_1509.jpg,fear,surprise,0.7307,fear,0.9595
fear/fear_1516.jpg,fear,fear,0.3554,fear,0.6541
fear/fear_1523.jpg,fear,fear,0.538,fear,0.7902
fear/fear_1526.jpg,fear,fear,0.8244,sad,0.9252
fear/fear_1536.jpg,fear,surprise,0.5731,fear,0.6475
fear/fear_1552.jpg,fear,fear,0.8086,fear,0.62
fear/fear_1554.jpg,fear,neutral,0.6411,fear,0.732
fear/fear_1565.jpg,fear,fear,0.7762,fear,0.7732
fear/fear_1569.jpg,fear,sad,0.3684,sad,0.599
fear/fear_1577.jpg,fear,fear,0.9996,fear,0.9958
fear/fear_1584.jpg,fear,surprise,0.5731,fear,0.6475
fear/fear_1591.jpg,fear,surprise,0.7735,surprise,0.9546
fear/fear_1592.jpg,fear,fear,0.993,fear,0.9987
fear/fear_1600.jpg,fear,surprise,0.8467,surprise,0.8454
fear/fear_1607.jpg,fear,fear,0.8934,fear,0.9559
fear/fear_1615.jpg,fear,surprise,0.925,fear,0.7437
fear/fear_1625.jpg,fear,fear,0.7195,sad,0.7314
fear/fear_1642.jpg,fear,fear,0.9854,fear,0.8842
fear/fear_1645.jpg,fear,fear,0.692,fear,0.5265
fear/fear_1659.jpg,fear,fear,0.8797,fear,0.9914
fear/fear_1694.jpg,fear,surprise,0.8895,fear,0.5898
fear/fear_1707.jpg,fear,fear,0.7156,fear,0.854
fear/fear_1708.jpg,fear,fear,0.9956,fear,0.9473
fear/fear_1733.jpg,fear,surprise,0.9225,fear,0.5536
fear/fear_1735.jpg,fear,surprise,0.9566,fear,0.8197
fear/fear_1801.jpg,fear,sad,0.7254,sad,0.6798
fear/fear_1815.jpg,fear,sad,0.6489,sad,0.3413
fear/fear_1817.jpg,fear,surprise,0.6541,fear,0.9589
fear/fear_1893.jpg,fear,fear,0.9828,fear,0.9071
fear/fear_1895.jpg,fear,surprise,0.975,fear,0.8077
fear/fear_1901.jpg,fear,fear,0.8374,fear,0.8959
fear/fear_1917.jpg,fear,fear,0.5582,surprise,0.7463
fear/fear_1919.jpg,fear,fear,0.7157,fear,0.4892
fear/fear_1940.jpg,fear,surprise,0.9378,surprise,0.9465
fear/fear_1944.jpg,fear,fear,0.6545,fear,0.9653
fear/fear_1950.jpg,fear,sad,0.644,fear,0.5016
fear/fear_1963.jpg,fear,surprise,0.9887,fear,0.6797
fear/fear_1981.jpg,fear,surprise,0.7528,surprise,0.5563
fear/fear_1987.jpg,fear,surprise,0.8388,fear,0.9973
fear/fear_1990.jpg,fear,fear,0.6911,sad,0.9938
fear/fear_2000.jpg,fear,fear,0.5815,angry,0.6288
fear/fear_2018.jpg,fear,sad,0.7299,fear,0.6875
fear/fear_2024.jpg,fear,surprise,0.8672,fear,0.487
fear/fear_2037.jpg,fear,sad,0.3976,fear,0.9096
fear/fear_2040.jpg,fear,fear,0.7606,surprise,0.5054
fear/fear_2050.jpg,fear,fear,0.7618,fear,0.9858
fear/fear_2057.jpg,fear,surprise,0.9426,surprise,0.6345
fear/fear_2079.jpg,fear,fear,0.9059,fear,0.783
fear/fear_2105.jpg,fear,sad,0.8233,sad,0.6636
fear/fear_2118.jpg,fear,surprise,0.6013,fear,0.5304
fear/fear_2130.jpg,fear,fear,0.9978,fear,0.9969
fear/fear_2131.jpg,fear,surprise,0.7186,fear,0.7889
fear/fear_2157.jpg,fear,fear,0.6157,sad,0.5784
fear/fear_2164.jpg,fear,angry,0.3881,fear,0.9898
fear/fear_2172.jpg,fear,fear,0.4016,fear,0.8381
fear/fear_2175.jpg,fear,fear,0.5055,surprise,0.9713
fear/fear_2249.jpg,fear,surprise,0.9295,fear,0.5719
fear/fear_2255.jpg,fear,fear,0.6047,sad,0.9647
fear/fear_2282.jpg,fear,surprise,0.7535,surprise,0.5081
fear/fear_2303.jpg,fear,surprise,0.5575,fear,0.9564
fear/fear_2304.jpg,fear,angry,0.6153,fear,0.7045
fear/fear_2319.jpg,fear,surprise,0.9556,fear,0.8486
fear/fear_2339.jpg,fear,sad,0.6324,fear,0.8508
fear/fear_2347.jpg,fear,surprise,0.5276,fear,0.9416
fear/fear_2363.jpg,fear,fear,0.4674,surprise,0.5307
fear/fear_2434.jpg,fear,sad,0.96,sad,0.4676
fear/fear_2469.jpg,fear,angry,0.9367,fear,0.4058
fear/fear_2498.jpg,fear,fear,0.7296,fear,0.9643
fear/fear_2519.jpg,fear,surprise,0.9072,fear,0.8325
fear/fear_2525.jpg,fear,sad,0.8002,fear,0.6444
fear/fear_2559.jpg,fear,sad,0.6697,sad,0.4991
fear/fear_2566.jpg,fear,fear,0.6697,fear,0.9792
fear/fear_2574.jpg,fear,fear,0.9494,fear,0.9805
fear/fear_2576.jpg,fear,fear,0.6344,fear,0.9099
fear/fear_2599.jpg,fear,fear,0.9873,surprise,0.9577
fear/fear_2618.jpg,fear,angry,0.8477,angry,0.935
fear/fear_2640.jpg,fear,sad,0.5712,fear,0.7966
fear/fear_2643.jpg,fear,fear,0.9706,fear,0.7138
fear/fear_2645.jpg,fear,surprise,0.9442,surprise,0.9487
fear/fear_2649.jpg,fear,fear,0.9307,sad,0.9458
fear/fear_2665.jpg,fear,surprise,0.9831,fear,0.6655
fear/fear_2678.jpg,fear,surprise,0.9486,fear,0.9742
fear/fear_2700.jpg,fear,angry,0.6349,fear,0.5151
fear/fear_2701.jpg,fear,fear,0.5055,fear,0.5355
fear/fear_2717.jpg,fear,sad,0.5924,fear,0.5927
fear/fear_2726.jpg,fear,surprise,0.8987,surprise,0.9139
fear/fear_2757.jpg,fear,surprise,0.5254,fear,0.6597
fear/fear_2766.jpg,fear,surprise,0.6704,fear,0.9899
fear/fear_2782.jpg,fear,fear,0.6826,fear,0.8457
fear/fear_2788.jpg,fear,surprise,0.8595,fear,0.7215
fear/fear_2820.jpg,fear,fear,0.9944,fear,0.9886
fear/fear_2844.jpg,fear,sad,0.3547,fear,0.7304
fear/fear_2851.jpg,fear,surprise,0.5902,sad,0.8957
fear/fear_2864.jpg,fear,fear,0.6619,sad,0.9926
fear/fear_2878.jpg,fear,fear,0.9979,fear,0.9047
fear/fear_2889.jpg,fear,surprise,0.7766,fear,0.703
fear/fear_2890.jpg,fear,surprise,0.7076,surprise,0.5033
fear/fear_2898.jpg,fear,fear,0.8927,surprise,0.7349
fear/fear_2910.jpg,fear,fear,0.5424,fear,0.9561
fear/fear_2915.jpg,fear,sad,0.8722,fear,0.5353
fear/fear_2917.jpg,fear,surprise,0.549,fear,0.61
fear/fear_2918.jpg,fear,surprise,0.8171,fear,0.5156
fear/fear_2919.jpg,fear,fear,0.4225,fear,0.9006
fear/fear_2925.jpg,fear,surprise,0.5442,sad,0.9792
fear/fear_2966.jpg,fear,fear,0.6871,fear,0.9733
fear/fear_2993.jpg,fear,neutral,0.7021,fear,0.9077
fear/fear_2997.jpg,fear,surprise,0.5436,fear,0.4663
fear/fear_3042.jpg,fear,fear,0.4786,surprise,0.654
fear/fear_3045.jpg,fear,fear,0.4383,fear,0.9615
fear/fear_3046.jpg,fear,surprise,0.5559,sad,0.5493
fear/fear_3075.jpg,fear,surprise,0.925,fear,0.7437
fear/fear_3079.jpg,fear,fear,0.7998,happy,0.8723
fear/fear_3099.jpg,fear,surprise,0.5929,fear,0.9967
fear/fear_3129.jpg,fear,fear,0.6558,fear,0.9503
fear/fear_3160.jpg,fear,surprise,0.833,sad,0.7629
fear/fear_3166.jpg,fear,sad,0.5062,fear,0.7749
fear/fear_3187.jpg,fear,fear,0.9173,fear,0.8521
fear/fear_3190.jpg,fear,fear,0.5632,fear,0.9576
fear/fear_3232.jpg,fear,sad,0.5927,sad,0.8754
fear/fear_3234.jpg,fear,fear,0.4994,fear,0.7451
fear/fear_3240.jpg,fear,fear,0.8025,fear,0.871
fear/fear_3241.jpg,fear,happy,0.2951,happy,0.6649
fear/fear_3247.jpg,fear,surprise,0.3972,fear,0.6839
fear/fear_3257.jpg,fear,fear,0.636,fear,0.9698
fear/fear_3259.jpg,fear,surprise,0.4705,fear,0.8972
fear/fear_3266.jpg,fear,fear,0.9761,fear,0.9616
fear/fear_3274.jpg,fear,fear,0.5687,fear,0.8358
fear/fear_3277.jpg,fear,fear,0.8469,sad,0.7402
fear/fear_3295.jpg,fear,surprise,0.9731,fear,0.5408
fear/fear_3326.jpg,fear,fear,0.6946,fear,0.788
fear/fear_3345.jpg,fear,fear,0.5059,fear,0.9043
fear/fear_3355.jpg,fear,fear,0.9851,sad,0.4881
fear/fear_3358.jpg,fear,fear,0.6545,fear,0.9653
fear/fear_3363.jpg,fear,surprise,0.9314,surprise,0.6474
fear/fear_3369.jpg,fear,fear,0.5715,fear,0.9491
fear/fear_3385.jpg,fear,fear,0.7949,fear,0.5896
fear/fear_3389.jpg,fear,surprise,0.9588,surprise,0.9919
fear/fear_3406.jpg,fear,sad,0.5746,fear,0.6077
happy/happy_0004.jpg,happy,angry,0.7258,angry,0.3101
happy/happy_0010.jpg,happy,happy,0.931,happy,0.5915
happy/happy_0013.jpg,happy,happy,0.9866,happy,0.9938
happy/happy_0015.jpg,happy,fear,0.3797,happy,0.8582
happy/happy_0016.jpg,happy,surprise,0.7476,happy,0.9933
happy/happy_0020.jpg,happy,fear,0.6237,fear,0.4339
happy/happy_0023.jpg,happy,angry,0.7535,happy,0.9826
happy/happy_0034.jpg,happy,neutral,0.7392,happy,0.9189
happy/happy_0035.jpg,happy,happy,0.9089,happy,0.9788
happy/happy_0036.jpg,happy,fear,0.4624,happy,0.9959
happy/happy_0055.jpg,happy,neutral,0.7557,sad,0.8934
happy/happy_0058.jpg,happy,happy,0.5621,happy,0.989
happy/happy_0063.jpg,happy,sad,0.5281,happy,0.9453
happy/happy_0066.jpg,happy,happy,0.8304,happy,0.8312
happy/happy_0073.jpg,happy,sad,0.4728,neutral,0.9446
happy/happy_0074.jpg,happy,happy,0.9369,happy,0.8529
happy/happy_0076.jpg,happy,happy,0.5651,happy,0.7494
happy/happy_0077.jpg,happy,neutral,0.2938,happy,0.9834
happy/happy_0078.jpg,happy,sad,0.4885,happy,0.9342
happy/happy_0118.jpg,happy,sad,0.6765,sad,0.491
happy/happy_0126.jpg,happy,fear,0.799,neutral,0.8656
happy/happy_0131.jpg,happy,happy,0.9796,happy,0.961
happy/happy_0136.jpg,happy,fear,0.4796,sad,0.8554
happy/happy_0144.jpg,happy,sad,0.6897,sad,0.3896
happy/happy_0145.jpg,happy,neutral,0.5163,neutral,0.9948
happy/happy_0159.jpg,happy,neutral,0.4669,happy,0.7897
happy/happy_0165.jpg,happy,happy,0.9903,happy,0.9982
happy/happy_0175.jpg,happy,sad,0.5511,happy,0.9074
happy/happy_0179.jpg,happy,happy,0.7376,happy,0.9969
happy/happy_0181.jpg,happy,happy,0.9569,happy,0.9883
happy/happy_0182.jpg,happy,sad,0.8021,happy,0.945
happy/happy_0209.jpg,happy,happy,0.9244,happy,0.747
happy/happy_0216.jpg,happy,happy,0.883,happy,0.8405
happy/happy_0219.jpg,happy,sad,0.9834,sad,0.9189
happy/happy_0223.jpg,happy,sad,0.7265,happy,0.8282
happy/happy_0237.jpg,happy,happy,0.8951,happy,0.9859
happy/happy_0243.jpg,happy,neutral,0.7486,neutral,0.4752
happy/happy_0249.jpg,happy,happy,0.9865,happy,0.989
happy/happy_0268.jpg,happy,angry,0.5236,sad,0.9104
happy/happy_0276.jpg,happy,sad,0.8082,happy,0.9105
happy/happy_0292.jpg,happy,fear,0.4115,happy,0.9842
happy/happy_0295.jpg,happy,sad,0.9398,happy,0.5295
happy/happy_0301.jpg,happy,angry,0.7572,happy,0.9955
happy/happy_0318.jpg,happy,happy,0.9905,happy,0.9395
happy/happy_0330.jpg,happy,fear,0.3134,happy,0.5433
happy/happy_0334.jpg,happy,happy,0.9347,happy,0.9832
happy/happy_0337.jpg,happy,angry,0.4636,angry,0.35
happy/happy_0351.jpg,happy,sad,0.3475,happy,0.6507
happy/happy_0367.jpg,happy,happy,0.5283,happy,0.9783
happy/happy_0373.jpg,happy,happy,0.8466,happy,0.9941
happy/happy_0382.jpg,happy,happy,0.9821,happy,0.9979
happy/happy_0391.jpg,happy,happy,0.9629,happy,0.9936
happy/happy_0396.jpg,happy,surprise,0.4086,happy,0.9166
happy/happy_0414.jpg,happy,happy,0.6431,happy,0.9986
happy/happy_0429.jpg,happy,happy,0.6617,happy,0.994
happy/happy_0431.jpg,happy,happy,0.5985,happy,0.6877
happy/happy_0432.jpg,happy,angry,0.4277,happy,0.9932
happy/happy_0442.jpg,happy,sad,0.3617,neutral,0.6925
happy/happy_0444.jpg,happy,angry,0.913,happy,0.9123
happy/happy_0454.jpg,happy,sad,0.948,fear,0.4461
happy/happy_0464.jpg,happy,neutral,0.6177,neutral,0.723
happy/happy_0466.jpg,happy,happy,0.9567,happy,0.7166
happy/happy_0467.jpg,happy,angry,0.6131,happy,0.9853
happy/happy_0470.jpg,happy,sad,0.7277,happy,0.9841
happy/happy_0472.jpg,happy,happy,0.7953,happy,0.8933
happy/happy_0487.jpg,happy,sad,0.7673,happy,0.9996
happy/happy_0494.jpg,happy,sad,0.5526,neutral,0.9518
happy/happy_0503.jpg,happy,happy,0.9969,happy,0.9994
happy/happy_0513.jpg,happy,fear,0.7987,fear,0.944
happy/happy_0521.jpg,happy,sad,0.7816,happy,0.925
happy/happy_0523.jpg,happy,happy,0.8703,happy,0.983
happy/happy_0525.jpg,happy,happy,0.6783,happy,0.9574
happy/happy_0530.jpg,happy,fear,0.5704,happy,0.9714
happy/happy_0531.jpg,happy,happy,0.7289,happy,0.9914
happy/happy_0550.jpg,happy,neutral,0.9563,neutral,0.9248
happy/happy_0555.jpg,happy,happy,0.7732,happy,0.8918
happy/happy_0558.jpg,happy,happy,0.5102,neutral,0.7868
happy/happy_0563.jpg,happy,fear,0.6576,happy,0.9849
happy/happy_0565.jpg,happy,sad,0.7818,sad,0.9899
happy/happy_0566.jpg,happy,sad,0.3581,neutral,0.6617
happy/happy_0569.jpg,happy,happy,0.5327,happy,0.9456
happy/happy_0570.jpg,happy,happy,0.6805,happy,0.9695
happy/happy_0571.jpg,happy,surprise,0.7075,happy,0.9782
happy/happy_0599.jpg,happy,sad,0.2886,happy,0.8936
happy/happy_0619.jpg,happy,sad,0.6334,happy,0.9019
happy/happy_0625.jpg,happy,sad,0.9077,neutral,0.6734
happy/happy_0631.jpg,happy,surprise,0.4243,happy,0.4177
happy/happy_0637.jpg,happy,neutral,0.6701,happy,0.8898
happy/happy_0663.jpg,happy,sad,0.8662,neutral,0.3775
happy/happy_0664.jpg,happy,happy,0.9375,happy,0.9869
happy/happy_0667.jpg,happy,sad,0.5975,happy,0.9621
happy/happy_0676.jpg,happy,happy,0.8367,happy,0.9533
happy/happy_0687.jpg,happy,happy,0.5896,happy,0.9716
happy/happy_0711.jpg,happy,happy,0.9345,happy,0.7579
happy/happy_0719.jpg,happy,happy,0.9632,happy,0.9669
happy/happy_0727.jpg,happy,happy,0.6858,happy,0.9927
happy/happy_0731.jpg,happy,sad,0.8852,happy,0.7049
happy/happy_0736.jpg,happy,fear,0.4032,happy,0.7796
happy/happy_0742.jpg,happy,sad,0.7127,happy,0.9825
happy/happy_0760.jpg,happy,happy,0.9553,happy,0.9641
happy/happy_0775.jpg,happy,happy,0.4132,happy,0.9903
happy/happy_0782.jpg,happy,happy,0.9473,happy,0.9925
happy/happy_0787.jpg,happy,happy,0.4705,happy,0.4331
happy/happy_0792.jpg,happy,surprise,0.4372,neutral,0.9511
happy/happy_0795.jpg,happy,happy,0.9208,happy,0.9378
happy/happy_0805.jpg,happy,happy,0.7022,happy,0.9956
happy/happy_0807.jpg,happy,happy,0.9693,happy,0.9976
happy/happy_0809.jpg,happy,fear,0.3898,happy,0.9458
happy/happy_0814.jpg,happy,angry,0.5579,angry,0.6141
happy/happy_0820.jpg,happy,neutral,0.4291,neutral,0.9999
happy/happy_0821.jpg,happy,sad,0.8921,sad,0.4963
happy/happy_0834.jpg,happy,happy,0.9867,happy,0.9165
happy/happy_0845.jpg,happy,happy,0.918,happy,0.9466
happy/happy_0857.jpg,happy,sad,0.9399,sad,0.8632
happy/happy_0874.jpg,happy,happy,0.9312,fear,0.5801
happy/happy_0876.jpg,happy,sad,0.3369,happy,0.465
happy/happy_0883.jpg,happy,happy,0.9763,happy,0.9624
happy/happy_0884.jpg,happy,angry,0.8809,happy,0.5911
happy/happy_0890.jpg,happy,happy,0.8865,happy,0.9989
happy/happy_0903.jpg,happy,angry,0.3492,sad,0.7601
happy/happy_0908.jpg,happy,neutral,0.7193,happy,0.913
happy/happy_0912.jpg,happy,happy,0.9162,happy,0.9637
happy/happy_0916.jpg,happy,fear,0.381,sad,0.7427
happy/happy_0925.jpg,happy,happy,0.9338,sad,0.6995
happy/happy_0928.jpg,happy,fear,0.7606,fear,0.8831
happy/happy_0930.jpg,happy,happy,0.9626,happy,0.981
happy/happy_0933.jpg,happy,happy,0.9135,happy,0.9972
happy/happy_0938.jpg,happy,happy,0.9718,happy,0.9974
happy/happy_0954.jpg,happy,fear,0.3276,happy,0.4802
happy/happy_0956.jpg,happy,happy,0.959,happy,0.979
happy/happy_0967.jpg,happy,happy,0.9907,happy,0.941
happy/happy_0978.jpg,happy,happy,0.6906,happy,0.9759
happy/happy_0982.jpg,happy,happy,0.5456,happy,0.9604
happy/happy_0984.jpg,happy,fear,0.6388,happy,0.9049
happy/happy_0995.jpg,happy,sad,0.6316,happy,0.9396
happy/happy_1008.jpg,happy,happy,0.8476,happy,0.9724
happy/happy_1011.jpg,happy,happy,0.5796,happy,0.9903
happy/happy_1016.jpg,happy,sad,0.7297,happy,0.9977
happy/happy_1019.jpg,happy,happy,0.8252,happy,0.9987
happy/happy_1021.jpg,happy,fear,0.7867,happy,0.4476
happy/happy_1031.jpg,happy,sad,0.4533,happy,0.8244
happy/happy_1038.jpg,happy,happy,0.9885,happy,0.9965
happy/happy_1058.jpg,happy,sad,0.434,happy,0.9983
happy/happy_1059.jpg,happy,fear,0.5034,happy,0.8066
happy/happy_1062.jpg,happy,happy,0.8928,happy,0.8827
happy/happy_1076.jpg,happy,happy,0.4671,happy,0.9944
happy/happy_1077.jpg,happy,happy,0.6083,happy,0.9897
happy/happy_1084.jpg,happy,surprise,0.7499,happy,0.978
happy/happy_1094.jpg,happy,sad,0.3385,happy,0.9518
happy/happy_1116.jpg,happy,angry,0.9084,happy,0.9024
happy/happy_1123.jpg,happy,angry,0.3163,happy,0.9234
happy/happy_1139.jpg,happy,sad,0.5458,happy,0.998
happy/happy_1140.jpg,happy,fear,0.5137,happy,0.843
happy/happy_1142.jpg,happy,sad,0.4892,happy,0.9641
happy/happy_1166.jpg,happy,surprise,0.3814,happy,0.5251
happy/happy_1171.jpg,happy,happy,0.5282,happy,0.9129
happy/happy_1172.jpg,happy,happy,0.4736,happy,0.9103
happy/happy_1177.jpg,happy,happy,0.9503,happy,0.9934
happy/happy_1182.jpg,happy,happy,0.6713,happy,0.967
happy/happy_1196.jpg,happy,fear,0.8243,neutral,0.5979
happy/happy_1197.jpg,happy,sad,0.676,happy,0.9551
happy/happy_1203.jpg,happy,surprise,0.9121,happy,0.932
happy/happy_1204.jpg,happy,sad,0.5819,happy,0.5375
happy/happy_1218.jpg,happy,happy,0.6415,happy,0.9951
happy/happy_1219.jpg,happy,sad,0.4806,happy,0.8517
happy/happy_1233.jpg,happy,neutral,0.6716,happy,0.9785
happy/happy_1234.jpg,happy,happy,0.9322,happy,0.9965
happy/happy_1249.jpg,happy,sad,0.843,happy,0.9494
happy/happy_1257.jpg,happy,neutral,0.8885,happy,0.7727
happy/happy_1263.jpg,happy,sad,0.3235,sad,0.6311
happy/happy_1264.jpg,happy,happy,0.9952,happy,0.9997
happy/happy_1267.jpg,happy,angry,0.5867,happy,0.8702
happy/happy_1271.jpg,happy,happy,0.9621,happy,0.9976
happy/happy_1276.jpg,happy,fear,0.6754,neutral,0.5301
happy/happy_1291.jpg,happy,happy,0.5849,sad,0.5533
happy/happy_1309.jpg,happy,happy,0.6276,happy,0.8676
happy/happy_1310.jpg,happy,sad,0.4953,happy,0.8688
happy/happy_1313.jpg,happy,surprise,0.9375,fear,0.8267
happy/happy_1315.jpg,happy,happy,0.3747,surprise,0.6892
happy/happy_1325.jpg,happy,fear,0.5925,happy,0.9704
happy/happy_1326.jpg,happy,surprise,0.4494,surprise,0.5584
happy/happy_1330.jpg,happy,happy,0.834,neutral,0.8057
happy/happy_1337.jpg,happy,sad,0.5435,neutral,0.583
happy/happy_1340.jpg,happy,fear,0.41,happy,0.9074
happy/happy_1349.jpg,happy,happy,0.9734,happy,0.9881
happy/happy_1359.jpg,happy,happy,0.9443,happy,0.8879
happy/happy_1361.jpg,happy,happy,0.9736,happy,0.9288
happy/happy_1362.jpg,happy,happy,0.9923,happy,0.9769
happy/happy_1370.jpg,happy,happy,0.6828,happy,0.9233
happy/happy_1374.jpg,happy,neutral,0.7115,sad,0.4647
happy/happy_1376.jpg,happy,angry,0.8691,happy,0.537
happy/happy_1378.jpg,happy,happy,0.9782,happy,0.8066
happy/happy_1387.jpg,happy,sad,0.5282,neutral,0.9941
happy/happy_1391.jpg,happy,happy,0.5359,happy,0.9867
happy/happy_1395.jpg,happy,happy,0.6416,happy,0.9969
happy/happy_1402.jpg,happy,neutral,0.6774,happy,0.9834
happy/happy_1404.jpg,happy,surprise,0.471,happy,0.8327
happy/happy_1406.jpg,happy,happy,0.8259,happy,0.9327
happy/happy_1418.jpg,happy,happy,0.9319,happy,0.902
happy/happy_1419.jpg,happy,happy,0.9456,happy,0.9816
happy/happy_1430.jpg,happy,surprise,0.3665,happy,0.9957
happy/happy_1436.jpg,happy,sad,0.7018,neutral,0.6587
happy/happy_1443.jpg,happy,angry,0.7582,happy,0.9929
happy/happy_1454.jpg,happy,happy,0.9902,happy,0.9505
happy/happy_1459.jpg,happy,happy,0.5203,sad,0.7354
happy/happy_1469.jpg,happy,angry,0.5689,happy,0.7045
happy/happy_1475.jpg,happy,neutral,0.4998,neutral,0.963
happy/happy_1478.jpg,happy,sad,0.7473,neutral,0.9219
happy/happy_1485.jpg,happy,happy,0.8191,happy,0.9947
happy/happy_1487.jpg,happy,angry,0.6814,happy,0.9704
happy/happy_1488.jpg,happy,happy,0.9751,happy,0.9957
happy/happy_1494.jpg,happy,happy,0.9807,happy,0.9826
happy/happy_1503.jpg,happy,surprise,0.8143,surprise,0.4864
happy/happy_1504.jpg,happy,happy,0.9049,happy,0.9872
happy/happy_1507.jpg,happy,neutral,0.506,neutral,0.7052
happy/happy_1513.jpg,happy,happy,0.7187,happy,0.6494
happy/happy_1517.jpg,happy,happy,0.9787,happy,0.9953
happy/happy_1518.jpg,happy,happy,0.877,happy,0.9964
happy/happy_1522.jpg,happy,happy,0.6693,happy,0.9669
happy/happy_1523.jpg,happy,fear,0.3827,neutral,0.9492
happy/happy_1535.jpg,happy,happy,0.5921,happy,0.9862
neutral/neutral_0010.jpg,neutral,sad,0.4898,sad,0.7213
neutral/neutral_0012.jpg,neutral,sad,0.7829,neutral,0.8214
neutral/neutral_0015.jpg,neutral,sad,0.7624,surprise,0.5837
neutral/neutral_0046.jpg,neutral,fear,0.7361,neutral,0.986
neutral/neutral_0049.jpg,neutral,surprise,0.5554,neutral,0.8364
neutral/neutral_0055.jpg,neutral,sad,0.9734,sad,0.9845
neutral/neutral_0067.jpg,neutral,sad,0.9454,sad,0.9907
neutral/neutral_0069.jpg,neutral,sad,0.5726,neutral,0.5281
neutral/neutral_0071.jpg,neutral,angry,0.8559,angry,0.8479
neutral/neutral_0082.jpg,neutral,sad,0.7072,neutral,0.9814
neutral/neutral_0090.jpg,neutral,neutral,0.7827,fear,0.4898
neutral/neutral_0091.jpg,neutral,neutral,0.7102,neutral,0.7712
neutral/neutral_0094.jpg,neutral,fear,0.639,sad,0.3738
neutral/neutral_0095.jpg,neutral,fear,0.6211,sad,0.8647
neutral/neutral_0101.jpg,neutral,angry,0.4039,angry,0.9441
neutral/neutral_0137.jpg,neutral,surprise,0.729,sad,0.984
neutral/neutral_0139.jpg,neutral,sad,0.6122,neutral,0.6088
neutral/neutral_0159.jpg,neutral,sad,0.6158,neutral,0.9453
neutral/neutral_0162.jpg,neutral,neutral,0.5477,neutral,0.6518
neutral/neutral_0164.jpg,neutral,neutral,0.9604,sad,0.9026
neutral/neutral_0170.jpg,neutral,sad,0.6704,sad,0.9899
neutral/neutral_0171.jpg,neutral,fear,0.3777,sad,0.7542
neutral/neutral_0195.jpg,neutral,fear,0.9823,fear,0.5124
neutral/neutral_0202.jpg,neutral,sad,0.9925,sad,0.5289
neutral/neutral_0207.jpg,neutral,neutral,0.6353,neutral,0.8389
neutral/neutral_0208.jpg,neutral,fear,0.6117,neutral,0.8859
neutral/neutral_0213.jpg,neutral,sad,0.6162,fear,0.8553
neutral/neutral_0214.jpg,neutral,fear,0.5631,angry,0.7159
neutral/neutral_0215.jpg,neutral,sad,0.5892,sad,0.9853
neutral/neutral_0222.jpg,neutral,sad,0.7345,sad,0.995
neutral/neutral_0226.jpg,neutral,sad,0.4138,sad,0.8581
neutral/neutral_0239.jpg,neutral,fear,0.5339,sad,0.3201
neutral/neutral_0250.jpg,neutral,fear,0.7855,sad,0.9799
neutral/neutral_0254.jpg,neutral,angry,0.4785,angry,0.5404
neutral/neutral_0256.jpg,neutral,fear,0.4371,sad,0.5806
neutral/neutral_0259.jpg,neutral,neutral,0.6849,neutral,0.5201
neutral/neutral_0260.jpg,neutral,sad,0.8381,sad,0.8348
neutral/neutral_0261.jpg,neutral,sad,0.454,neutral,0.7055
neutral/neutral_0267.jpg,neutral,fear,0.7373,fear,0.7008
neutral/neutral_0277.jpg,neutral,neutral,0.4209,neutral,0.7608
neutral/neutral_0289.jpg,neutral,sad,0.467,neutral,0.8757
neutral/neutral_0290.jpg,neutral,fear,0.5952,neutral,0.5294
neutral/neutral_0299.jpg,neutral,sad,0.4867,neutral,0.704
neutral/neutral_0305.jpg,neutral,fear,0.6932,fear,0.5107
neutral/neutral_0306.jpg,neutral,neutral,0.8112,neutral,0.8218
neutral/neutral_0312.jpg,neutral,fear,0.9242,sad,0.7593
neutral/neutral_0315.jpg,neutral,fear,0.8903,sad,0.609
neutral/neutral_0325.jpg,neutral,angry,0.5891,sad,0.711
neutral/neutral_0344.jpg,neutral,fear,0.6701,neutral,0.7418
neutral/neutral_0345.jpg,neutral,sad,0.6222,neutral,0.8782
neutral/neutral_0348.jpg,neutral,surprise,0.5473,neutral,0.6766
neutral/neutral_0351.jpg,neutral,fear,0.7489,neutral,0.5468
neutral/neutral_0355.jpg,neutral,sad,0.6189,sad,0.9803
neutral/neutral_0362.jpg,neutral,sad,0.483,neutral,0.9453
neutral/neutral_0368.jpg,neutral,sad,0.8547,sad,0.6097
neutral/neutral_0369.jpg,neutral,fear,0.3765,sad,0.9838
neutral/neutral_0384.jpg,neutral,neutral,0.5039,neutral,0.5699
neutral/neutral_0385.jpg,neutral,sad,0.9284,sad,0.7576
neutral/neutral_0391.jpg,neutral,neutral,0.7802,neutral,0.988
neutral/neutral_0393.jpg,neutral,fear,0.8785,neutral,0.6269
neutral/neutral_0401.jpg,neutral,neutral,0.4022,sad,0.7586
neutral/neutral_0405.jpg,neutral,neutral,0.322,neutral,0.8328
neutral/neutral_0408.jpg,neutral,fear,0.6744,sad,0.7885
neutral/neutral_0410.jpg,neutral,fear,0.601,neutral,0.5459
neutral/neutral_0418.jpg,neutral,surprise,0.3442,fear,0.6044
neutral/neutral_0431.jpg,neutral,fear,0.8731,fear,0.5239
neutral/neutral_0446.jpg,neutral,surprise,0.6805,sad,0.4069
neutral/neutral_0464.jpg,neutral,surprise,0.8805,neutral,0.5534
neutral/neutral_0471.jpg,neutral,sad,0.5793,sad,0.6975
neutral/neutral_0472.jpg,neutral,sad,0.965,sad,0.8665
neutral/neutral_0477.jpg,neutral,surprise,0.5809,surprise,0.6809
neutral/neutral_0481.jpg,neutral,fear,0.9731,neutral,0.7835
neutral/neutral_0494.jpg,neutral,sad,0.9219,sad,0.9828
neutral/neutral_0523.jpg,neutral,fear,0.5103,neutral,0.6428
neutral/neutral_0543.jpg,neutral,sad,0.7073,neutral,0.6852
neutral/neutral_0544.jpg,neutral,sad,0.5761,sad,0.3894
neutral/neutral_0550.jpg,neutral,sad,0.6539,neutral,0.9665
neutral/neutral_0553.jpg,neutral,sad,0.5184,neutral,0.9939
neutral/neutral_0593.jpg,neutral,surprise,0.7921,fear,0.4485
neutral/neutral_0594.jpg,neutral,sad,0.4981,fear,0.8946
neutral/neutral_0609.jpg,neutral,fear,0.7211,neutral,0.502
neutral/neutral_0611.jpg,neutral,fear,0.8442,sad,0.569
neutral/neutral_0617.jpg,neutral,fear,0.5743,fear,0.3987
neutral/neutral_0620.jpg,neutral,fear,0.9634,fear,0.4767
neutral/neutral_0623.jpg,neutral,sad,0.6932,sad,0.8977
neutral/neutral_0628.jpg,neutral,neutral,0.3505,sad,0.8486
neutral/neutral_0634.jpg,neutral,neutral,0.6837,fear,0.5858
neutral/neutral_0635.jpg,neutral,neutral,0.627,neutral,0.9941
neutral/neutral_0637.jpg,neutral,neutral,0.8246,neutral,0.9938
neutral/neutral_0646.jpg,neutral,surprise,0.6354,neutral,0.8217
neutral/neutral_0652.jpg,neutral,fear,0.8881,neutral,0.9941
neutral/neutral_0663.jpg,neutral,sad,0.6461,sad,0.9803
neutral/neutral_0669.jpg,neutral,sad,0.73,sad,0.8974
neutral/neutral_0680.jpg,neutral,neutral,0.6088,angry,0.4127
neutral/neutral_0691.jpg,neutral,sad,0.9547,sad,0.7242
neutral/neutral_0693.jpg,neutral,fear,0.658,fear,0.8702
neutral/neutral_0694.jpg,neutral,neutral,0.9246,neutral,0.9068
neutral/neutral_0700.jpg,neutral,fear,0.851,fear,0.6489
neutral/neutral_0717.jpg,neutral,angry,0.6514,sad,0.9889
neutral/neutral_0726.jpg,neutral,fear,0.6505,neutral,0.855
neutral/neutral_0731.jpg,neutral,sad,0.5903,neutral,0.9307
neutral/neutral_0733.jpg,neutral,sad,0.5605,sad,0.5427
neutral/neutral_0744.jpg,neutral,surprise,0.88,sad,0.5899
neutral/neutral_0745.jpg,neutral,fear,0.8829,sad,0.9906
neutral/neutral_0751.jpg,neutral,sad,0.905,sad,0.9514
neutral/neutral_0755.jpg,neutral,sad,0.7912,sad,0.6137
neutral/neutral_0777.jpg,neutral,fear,0.5903,sad,0.6412
neutral/neutral_0781.jpg,neutral,neutral,0.8042,angry,0.5026
neutral/neutral_0788.jpg,neutral,fear,0.6623,sad,0.7459
neutral/neutral_0806.jpg,neutral,surprise,0.5536,surprise,0.5922
neutral/neutral_0810.jpg,neutral,neutral,0.6604,sad,0.8612
neutral/neutral_0824.jpg,neutral,sad,0.9602,sad,0.9998
neutral/neutral_0831.jpg,neutral,surprise,0.7369,neutral,0.986
neutral/neutral_0832.jpg,neutral,fear,0.773,sad,0.9939
neutral/neutral_0833.jpg,neutral,fear,0.7863,sad,0.6336
neutral/neutral_0837.jpg,neutral,fear,0.5768,neutral,0.9762
neutral/neutral_0838.jpg,neutral,fear,0.8773,sad,0.8914
neutral/neutral_0840.jpg,neutral,sad,0.4744,neutral,0.9925
neutral/neutral_0843.jpg,neutral,sad,0.4013,fear,0.4048
neutral/neutral_0859.jpg,neutral,neutral,0.9507,neutral,0.8876
neutral/neutral_0863.jpg,neutral,surprise,0.4827,neutral,0.8339
neutral/neutral_0870.jpg,neutral,sad,0.513,neutral,0.9952
neutral/neutral_0878.jpg,neutral,neutral,0.9499,neutral,0.9961
neutral/neutral_0889.jpg,neutral,sad,0.6027,sad,0.6942
neutral/neutral_0893.jpg,neutral,fear,0.7882,neutral,0.9577
neutral/neutral_0912.jpg,neutral,fear,0.6552,neutral,0.6168
neutral/neutral_0926.jpg,neutral,sad,0.6563,sad,0.6855
neutral/neutral_0929.jpg,neutral,neutral,0.978,happy,0.5278
neutral/neutral_0934.jpg,neutral,neutral,0.6928,sad,0.5565
neutral/neutral_0947.jpg,neutral,neutral,0.651,neutral,0.9334
neutral/neutral_0956.jpg,neutral,surprise,0.5982,neutral,0.9603
neutral/neutral_0964.jpg,neutral,neutral,0.6816,neutral,0.92
neutral/neutral_0969.jpg,neutral,fear,0.8044,sad,0.5715
neutral/neutral_0997.jpg,neutral,fear,0.5182,sad,0.6393
neutral/neutral_1004.jpg,neutral,sad,0.6552,angry,0.4114
neutral/neutral_1032.jpg,neutral,sad,0.5597,sad,0.8183
neutral/neutral_1042.jpg,neutral,angry,0.5765,sad,0.9935
neutral/neutral_1069.jpg,neutral,sad,0.583,sad,0.7839
neutral/neutral_1077.jpg,neutral,fear,0.5556,sad,0.5229
neutral/neutral_1093.jpg,neutral,fear,0.5908,fear,0.5571
neutral/neutral_1095.jpg,neutral,fear,0.7909,sad,0.5036
neutral/neutral_1096.jpg,neutral,sad,0.698,fear,0.5048
neutral/neutral_1118.jpg,neutral,neutral,0.5248,neutral,0.993
neutral/neutral_1127.jpg,neutral,neutral,0.8277,neutral,0.9829
neutral/neutral_1130.jpg,neutral,neutral,0.8389,neutral,0.6524
neutral/neutral_1131.jpg,neutral,fear,0.8434,fear,0.8011
neutral/neutral_1153.jpg,neutral,fear,0.5968,sad,0.7032
neutral/neutral_1176.jpg,neutral,neutral,0.9158,surprise,0.5662
neutral/neutral_1181.jpg,neutral,angry,0.4312,fear,0.5076
neutral/neutral_1194.jpg,neutral,fear,0.7506,neutral,0.9993
neutral/neutral_1199.jpg,neutral,neutral,0.7859,sad,0.6025
neutral/neutral_1207.jpg,neutral,sad,0.717,neutral,0.5412
neutral/neutral_1222.jpg,neutral,neutral,0.8049,neutral,0.8788
neutral/neutral_1230.jpg,neutral,neutral,0.3963,fear,0.8307
neutral/neutral_1235.jpg,neutral,surprise,0.5152,neutral,0.9455
neutral/neutral_1238.jpg,neutral,sad,0.5373,sad,0.7635
neutral/neutral_1244.jpg,neutral,surprise,0.4818,sad,0.9447
neutral/neutral_1248.jpg,neutral,neutral,0.6778,surprise,0.4113
neutral/neutral_1263.jpg,neutral,fear,0.8778,neutral,0.9936
neutral/neutral_1309.jpg,neutral,surprise,0.7388,sad,0.9085
neutral/neutral_1312.jpg,neutral,neutral,0.4307,neutral,0.815
neutral/neutral_1314.jpg,neutral,sad,0.9129,sad,0.8881
neutral/neutral_1330.jpg,neutral,sad,0.8117,neutral,0.8523
neutral/neutral_1359.jpg,neutral,sad,0.507,neutral,0.8454
neutral/neutral_1379.jpg,neutral,sad,0.8289,neutral,0.9128
neutral/neutral_1381.jpg,neutral,fear,0.8311,sad,0.7063
neutral/neutral_1382.jpg,neutral,sad,0.9811,sad,0.9709
neutral/neutral_1408.jpg,neutral,fear,0.6956,neutral,0.834
neutral/neutral_1410.jpg,neutral,neutral,0.654,neutral,0.6565
neutral/neutral_1414.jpg,neutral,fear,0.6645,fear,0.5221
neutral/neutral_1417.jpg,neutral,sad,0.846,neutral,0.9963
neutral/neutral_1419.jpg,neutral,neutral,0.6706,neutral,0.9421
neutral/neutral_1439.jpg,neutral,neutral,0.578,fear,0.3535
neutral/neutral_1447.jpg,neutral,angry,0.3417,surprise,0.3817
neutral/neutral_1449.jpg,neutral,neutral,0.4115,surprise,0.7793
neutral/neutral_1454.jpg,neutral,angry,0.7022,fear,0.5072
neutral/neutral_1456.jpg,neutral,fear,0.6566,neutral,0.9734
neutral/neutral_1462.jpg,neutral,sad,0.7908,neutral,0.9548
neutral/neutral_1471.jpg,neutral,neutral,0.5463,neutral,0.7429
neutral/neutral_1480.jpg,neutral,neutral,0.7317,neutral,0.7446
neutral/neutral_1482.jpg,neutral,sad,0.7967,sad,0.9167
neutral/neutral_1491.jpg,neutral,sad,0.4356,neutral,0.5753
neutral/neutral_1500.jpg,neutral,neutral,0.9145,sad,0.8617
neutral/neutral_1507.jpg,neutral,fear,0.9381,sad,0.4731
neutral/neutral_1510.jpg,neutral,fear,0.5608,fear,0.6254
neutral/neutral_1517.jpg,neutral,sad,0.5477,sad,0.7302
neutral/neutral_1529.jpg,neutral,surprise,0.3828,surprise,0.9585
neutral/neutral_1539.jpg,neutral,fear,0.6778,sad,0.5036
neutral/neutral_1545.jpg,neutral,neutral,0.9153,neutral,0.9995
neutral/neutral_1583.jpg,neutral,fear,0.9437,neutral,0.3781
neutral/neutral_1585.jpg,neutral,fear,0.5104,sad,0.4536
neutral/neutral_1590.jpg,neutral,sad,0.8125,sad,0.9972
neutral/neutral_1601.jpg,neutral,angry,0.9494,neutral,0.7385
neutral/neutral_1602.jpg,neutral,angry,0.704,sad,0.5926
neutral/neutral_1608.jpg,neutral,angry,0.7934,neutral,0.991
neutral/neutral_1623.jpg,neutral,neutral,0.6611,neutral,0.8599
neutral/neutral_1628.jpg,neutral,angry,0.467,sad,0.822
neutral/neutral_1642.jpg,neutral,fear,0.494,neutral,0.3689
neutral/neutral_1651.jpg,neutral,fear,0.8802,neutral,0.6792
neutral/neutral_1662.jpg,neutral,sad,0.3317,sad,0.6093
neutral/neutral_1664.jpg,neutral,sad,0.671,neutral,0.9416
neutral/neutral_1665.jpg,neutral,neutral,0.5933,neutral,0.7138
neutral/neutral_1684.jpg,neutral,sad,0.6695,neutral,0.7285
neutral/neutral_1687.jpg,neutral,neutral,0.791,neutral,0.9971
neutral/neutral_1692.jpg,neutral,neutral,0.7142,neutral,0.9999
neutral/neutral_1697.jpg,neutral,sad,0.5593,neutral,0.9749
neutral/neutral_1702.jpg,neutral,fear,0.6688,neutral,0.6284
neutral/neutral_1707.jpg,neutral,fear,0.9495,sad,0.8641
neutral/neutral_1709.jpg,neutral,fear,0.7259,angry,0.6522
neutral/neutral_1725.jpg,neutral,sad,0.7325,sad,0.3263
neutral/neutral_1732.jpg,neutral,sad,0.8744,sad,0.9543
neutral/neutral_1733.jpg,neutral,neutral,0.5697,neutral,0.7517
neutral/neutral_1744.jpg,neutral,angry,0.5428,sad,0.6211
neutral/neutral_1752.jpg,neutral,sad,0.5325,neutral,0.5675
neutral/neutral_1755.jpg,neutral,sad,0.7726,sad,0.888
neutral/neutral_1761.jpg,neutral,sad,0.9633,sad,0.9445
neutral/neutral_1766.jpg,neutral,sad,0.5232,sad,0.8487
neutral/neutral_1769.jpg,neutral,sad,0.8288,sad,0.7923
neutral/neutral_1796.jpg,neutral,neutral,0.982,neutral,0.9391
neutral/neutral_1800.jpg,neutral,fear,0.8689,neutral,0.8355
neutral/neutral_1802.jpg,neutral,fear,0.7139,neutral,0.8425
sad/sad_0016.jpg,sad,sad,0.9982,sad,0.9856
sad/sad_0044.jpg,sad,fear,0.4854,sad,0.9407
sad/sad_0045.jpg,sad,sad,0.9865,neutral,0.7912
sad/sad_0057.jpg,sad,neutral,0.538,neutral,0.9249
sad/sad_0092.jpg,sad,sad,0.8252,sad,0.9956
sad/sad_0097.jpg,sad,surprise,0.6714,fear,0.6748
sad/sad_0116.jpg,sad,sad,0.6393,sad,0.9959
sad/sad_0120.jpg,sad,neutral,0.538,fear,0.9744
sad/sad_0121.jpg,sad,surprise,0.7369,sad,0.431
sad/sad_0128.jpg,sad,sad,0.5715,sad,0.9759
sad/sad_0158.jpg,sad,angry,0.5712,sad,0.944
sad/sad_0159.jpg,sad,sad,0.7738,sad,0.9697
sad/sad_0166.jpg,sad,sad,0.4692,happy,0.4137
sad/sad_0168.jpg,sad,sad,0.533,sad,0.4515
sad/sad_0172.jpg,sad,sad,0.4329,neutral,0.8921
sad/sad_0174.jpg,sad,neutral,0.5182,neutral,0.5292
sad/sad_0180.jpg,sad,surprise,0.849,sad,0.9504
sad/sad_0197.jpg,sad,fear,0.8248,neutral,0.7803
sad/sad_0198.jpg,sad,sad,0.9673,sad,0.9893
sad/sad_0218.jpg,sad,fear,0.4729,sad,0.4748
sad/sad_0221.jpg,sad,happy,0.9906,happy,0.9345
sad/sad_0223.jpg,sad,sad,0.8646,sad,0.9696
sad/sad_0231.jpg,sad,sad,0.9963,sad,0.984
sad/sad_0250.jpg,sad,surprise,0.7856,neutral,0.5547
sad/sad_0271.jpg,sad,sad,0.3272,angry,0.4962
sad/sad_0277.jpg,sad,sad,0.4331,surprise,0.6546
sad/sad_0282.jpg,sad,surprise,0.5021,sad,0.8208
sad/sad_0304.jpg,sad,sad,0.3162,sad,0.9765
sad/sad_0307.jpg,sad,sad,0.8356,sad,0.7133
sad/sad_0323.jpg,sad,sad,0.9831,sad,0.9981
sad/sad_0335.jpg,sad,sad,0.9096,neutral,0.7894
sad/sad_0342.jpg,sad,fear,0.5868,sad,0.7243
sad/sad_0344.jpg,sad,sad,0.8185,sad,0.9201
sad/sad_0373.jpg,sad,fear,0.8573,neutral,0.4179
sad/sad_0382.jpg,sad,surprise,0.9675,neutral,0.7813
sad/sad_0395.jpg,sad,sad,0.6329,fear,0.83
sad/sad_0401.jpg,sad,neutral,0.4292,sad,0.9977
sad/sad_0425.jpg,sad,sad,0.8042,sad,0.9785
sad/sad_0454.jpg,sad,sad,0.9022,sad,0.9955
sad/sad_0455.jpg,sad,sad,0.437,sad,0.9998
sad/sad_0461.jpg,sad,sad,0.4735,sad,0.9764
sad/sad_0473.jpg,sad,fear,0.9669,surprise,0.3461
sad/sad_0481.jpg,sad,sad,0.988,sad,0.9995
sad/sad_0486.jpg,sad,fear,0.5575,neutral,0.4686
sad/sad_0488.jpg,sad,neutral,0.6468,neutral,0.7057
sad/sad_0493.jpg,sad,sad,0.6944,sad,0.8588
sad/sad_0507.jpg,sad,sad,0.9981,sad,0.9985
sad/sad_0541.jpg,sad,sad,0.846,fear,0.5979
sad/sad_0555.jpg,sad,neutral,0.4753,neutral,0.8208
sad/sad_0606.jpg,sad,sad,0.6842,sad,0.9993
sad/sad_0611.jpg,sad,sad,0.6734,sad,0.9968
sad/sad_0626.jpg,sad,sad,0.9147,sad,0.9871
sad/sad_0638.jpg,sad,surprise,0.5369,sad,0.3821
sad/sad_0657.jpg,sad,sad,0.645,sad,0.7147
sad/sad_0665.jpg,sad,sad,0.9882,sad,0.9889
sad/sad_0688.jpg,sad,sad,0.9741,sad,0.9919
sad/sad_0691.jpg,sad,surprise,0.3682,neutral,0.5758
sad/sad_0716.jpg,sad,sad,0.8034,sad,0.8758
sad/sad_0720.jpg,sad,fear,0.7004,neutral,0.6483
sad/sad_0740.jpg,sad,sad,0.5573,sad,0.9089
sad/sad_0751.jpg,sad,sad,0.9919,sad,0.9987
sad/sad_0792.jpg,sad,surprise,0.4655,sad,0.5024
sad/sad_0842.jpg,sad,sad,0.9403,sad,0.9912
sad/sad_0854.jpg,sad,sad,0.9757,sad,0.9959
sad/sad_0860.jpg,sad,surprise,0.4862,fear,0.5095
sad/sad_0904.jpg,sad,sad,0.8565,fear,0.9109
sad/sad_0933.jpg,sad,fear,0.7565,surprise,0.8677
sad/sad_0937.jpg,sad,sad,0.5525,sad,0.3279
sad/sad_0962.jpg,sad,sad,0.9555,angry,0.4766
sad/sad_1000.jpg,sad,fear,0.8399,fear,0.7752
sad/sad_1014.jpg,sad,sad,0.9015,sad,0.9118
sad/sad_1016.jpg,sad,sad,0.9994,sad,1.0
sad/sad_1032.jpg,sad,neutral,0.9821,neutral,0.8315
sad/sad_1036.jpg,sad,sad,0.6723,sad,0.9887
sad/sad_1042.jpg,sad,surprise,0.5086,angry,0.733
sad/sad_1091.jpg,sad,fear,0.8272,sad,0.9048
sad/sad_1102.jpg,sad,sad,0.9046,sad,0.9853
sad/sad_1112.jpg,sad,fear,0.8831,fear,0.3056
sad/sad_1114.jpg,sad,sad,0.5146,sad,0.6231
sad/sad_1116.jpg,sad,fear,0.9471,sad,0.5855
sad/sad_1134.jpg,sad,sad,0.9125,neutral,0.7675
sad/sad_1145.jpg,sad,sad,0.5639,sad,0.7197
sad/sad_1180.jpg,sad,surprise,0.4501,angry,0.6241
sad/sad_1238.jpg,sad,surprise,0.3062,neutral,0.8046
sad/sad_1253.jpg,sad,sad,0.8558,sad,0.9923
sad/sad_1273.jpg,sad,angry,0.8552,angry,0.826
sad/sad_1301.jpg,sad,neutral,0.7188,neutral,0.9868
sad/sad_1338.jpg,sad,fear,0.7308,sad,0.6642
sad/sad_1347.jpg,sad,fear,0.5459,sad,0.9958
sad/sad_1353.jpg,sad,sad,0.4537,sad,0.9986
sad/sad_1387.jpg,sad,sad,0.9461,angry,0.536
sad/sad_1409.jpg,sad,sad,0.894,sad,0.5172
sad/sad_1412.jpg,sad,sad,0.9689,sad,0.9987
sad/sad_1414.jpg,sad,surprise,0.5998,neutral,0.7678
sad/sad_1439.jpg,sad,happy,0.4231,happy,0.8567
sad/sad_1449.jpg,sad,sad,0.9421,sad,0.9368
sad/sad_1452.jpg,sad,sad,0.9251,sad,0.8332
sad/sad_1475.jpg,sad,fear,0.6317,sad,0.9997
sad/sad_1478.jpg,sad,fear,0.4033,fear,0.9001
sad/sad_1491.jpg,sad,sad,0.8679,sad,0.9993
sad/sad_1507.jpg,sad,sad,0.9676,sad,0.9978
sad/sad_1517.jpg,sad,angry,0.4634,sad,0.9999
sad/sad_1525.jpg,sad,sad,0.409,neutral,0.7889
sad/sad_1557.jpg,sad,sad,0.6547,sad,0.878
sad/sad_1570.jpg,sad,sad,0.8143,sad,0.9912
sad/sad_1574.jpg,sad,fear,0.3169,fear,0.6837
sad/sad_1585.jpg,sad,sad,0.9263,sad,0.9856
sad/sad_1596.jpg,sad,fear,0.7971,fear,0.883
sad/sad_1597.jpg,sad,angry,0.7461,sad,0.537
sad/sad_1662.jpg,sad,sad,0.9167,sad,0.9426
sad/sad_1672.jpg,sad,surprise,0.9459,sad,0.604
sad/sad_1684.jpg,sad,fear,0.547,sad,0.7231
sad/sad_1692.jpg,sad,sad,0.8091,sad,0.9848
sad/sad_1709.jpg,sad,surprise,0.5527,sad,0.7025
sad/sad_1731.jpg,sad,sad,0.5407,fear,0.5627
sad/sad_1748.jpg,sad,neutral,0.5236,sad,0.3851
sad/sad_1761.jpg,sad,fear,0.8249,sad,0.5761
sad/sad_1769.jpg,sad,angry,0.5017,sad,0.6733
sad/sad_1771.jpg,sad,sad,0.9473,sad,0.8256
sad/sad_1774.jpg,sad,sad,0.6464,sad,0.9987
sad/sad_1783.jpg,sad,angry,0.387,sad,0.8253
sad/sad_1785.jpg,sad,fear,0.9474,fear,0.6246
sad/sad_1817.jpg,sad,sad,0.7445,sad,0.9922
sad/sad_1835.jpg,sad,surprise,0.4704,neutral,0.4418
sad/sad_1844.jpg,sad,sad,0.6729,happy,0.6067
sad/sad_1866.jpg,sad,sad,0.8878,sad,0.9998
sad/sad_1867.jpg,sad,surprise,0.8855,neutral,0.7495
sad/sad_1877.jpg,sad,sad,0.9961,sad,1.0
sad/sad_1884.jpg,sad,angry,0.5309,sad,0.9944
sad/sad_1885.jpg,sad,sad,0.9268,sad,0.9974
sad/sad_1887.jpg,sad,neutral,0.6439,sad,0.6679
sad/sad_1890.jpg,sad,happy,0.5114,sad,0.9981
sad/sad_1925.jpg,sad,angry,0.7033,sad,0.646
sad/sad_1943.jpg,sad,surprise,0.8665,fear,0.5904
sad/sad_1944.jpg,sad,sad,0.7145,sad,0.8394
sad/sad_1957.jpg,sad,sad,0.8884,sad,0.9477
sad/sad_1962.jpg,sad,surprise,0.5671,sad,0.7646
sad/sad_1975.jpg,sad,sad,0.799,angry,0.8726
sad/sad_1979.jpg,sad,sad,0.8196,sad,0.9966
sad/sad_1991.jpg,sad,neutral,0.4394,sad,0.9956
sad/sad_2032.jpg,sad,sad,0.9702,fear,0.609
sad/sad_2037.jpg,sad,fear,0.5764,sad,0.553
sad/sad_2077.jpg,sad,fear,0.9577,sad,0.8524
sad/sad_2089.jpg,sad,fear,0.4099,sad,0.6892
sad/sad_2090.jpg,sad,sad,0.9727,sad,0.9899
sad/sad_2101.jpg,sad,sad,0.9869,sad,0.9936
sad/sad_2103.jpg,sad,sad,0.9929,sad,0.9972
sad/sad_2113.jpg,sad,sad,0.8258,neutral,0.8909
sad/sad_2114.jpg,sad,sad,0.7613,sad,0.9955
sad/sad_2125.jpg,sad,neutral,0.3278,surprise,0.4916
sad/sad_2131.jpg,sad,sad,0.9837,sad,1.0
sad/sad_2145.jpg,sad,neutral,0.7366,sad,0.9936
sad/sad_2149.jpg,sad,sad,0.9955,sad,0.9997
sad/sad_2159.jpg,sad,sad,0.9752,sad,0.9688
sad/sad_2178.jpg,sad,sad,0.8534,sad,0.633
sad/sad_2179.jpg,sad,neutral,0.596,fear,0.4025
sad/sad_2181.jpg,sad,sad,0.7663,sad,0.9871
sad/sad_2206.jpg,sad,sad,0.9319,sad,0.9967
sad/sad_2218.jpg,sad,sad,0.8216,sad,0.9658
sad/sad_2231.jpg,sad,sad,0.7817,sad,0.9995
sad/sad_2242.jpg,sad,neutral,0.2846,sad,0.8005
sad/sad_2243.jpg,sad,sad,0.6996,sad,0.8827
sad/sad_2259.jpg,sad,sad,0.9622,sad,0.9992
sad/sad_2263.jpg,sad,sad,0.996,sad,0.948
sad/sad_2282.jpg,sad,fear,0.6776,sad,0.9951
sad/sad_2285.jpg,sad,sad,0.5651,neutral,0.7931
sad/sad_2286.jpg,sad,surprise,0.3806,sad,0.7599
sad/sad_2310.jpg,sad,sad,0.6783,sad,0.7903
sad/sad_2313.jpg,sad,sad,0.8771,sad,0.9389
sad/sad_2318.jpg,sad,fear,0.416,sad,0.7658
sad/sad_2372.jpg,sad,fear,0.7729,fear,0.8336
sad/sad_2382.jpg,sad,sad,0.9072,sad,0.8291
sad/sad_2428.jpg,sad,angry,0.5552,sad,0.8075
sad/sad_2429.jpg,sad,neutral,0.8773,sad,0.9743
sad/sad_2452.jpg,sad,sad,0.8923,sad,0.7663
sad/sad_2492.jpg,sad,fear,0.7553,neutral,0.6814
sad/sad_2495.jpg,sad,fear,0.2868,neutral,0.6419
sad/sad_2510.jpg,sad,fear,0.7901,fear,0.578
sad/sad_2511.jpg,sad,fear,0.4298,sad,0.6329
sad/sad_2537.jpg,sad,angry,0.5564,neutral,0.9346
sad/sad_2545.jpg,sad,fear,0.8399,sad,0.4569
sad/sad_2554.jpg,sad,sad,0.9964,sad,0.9921
sad/sad_2563.jpg,sad,sad,0.7517,sad,0.9973
sad/sad_2566.jpg,sad,surprise,0.8881,sad,0.8926
sad/sad_2592.jpg,sad,surprise,0.4517,neutral,0.5069
sad/sad_2594.jpg,sad,sad,0.6956,sad,0.8312
sad/sad_2598.jpg,sad,sad,0.5577,sad,0.8473
sad/sad_2611.jpg,sad,sad,0.5594,fear,0.497
sad/sad_2628.jpg,sad,sad,0.624,neutral,0.8687
sad/sad_2641.jpg,sad,angry,0.4716,sad,0.9999
sad/sad_2650.jpg,sad,sad,0.5972,angry,0.9314
sad/sad_2686.jpg,sad,sad,0.7334,sad,0.994
sad/sad_2689.jpg,sad,sad,0.9166,sad,0.9727
sad/sad_2709.jpg,sad,sad,0.437,sad,0.9998
sad/sad_2711.jpg,sad,fear,0.4016,sad,0.7805
sad/sad_2743.jpg,sad,sad,0.9906,sad,0.865
sad/sad_2754.jpg,sad,sad,0.6922,sad,0.9991
sad/sad_2784.jpg,sad,sad,0.3991,neutral,0.9884
sad/sad_2786.jpg,sad,neutral,0.3746,surprise,0.7407
sad/sad_2793.jpg,sad,angry,0.6926,angry,0.3958
sad/sad_2809.jpg,sad,surprise,0.83,fear,0.825
sad/sad_2813.jpg,sad,surprise,0.6057,surprise,0.3975
sad/sad_2817.jpg,sad,sad,0.6477,sad,0.6504
sad/sad_2842.jpg,sad,sad,0.9717,sad,0.9978
sad/sad_2865.jpg,sad,surprise,0.4631,fear,0.6054
sad/sad_2868.jpg,sad,neutral,0.9644,neutral,0.781
sad/sad_2878.jpg,sad,surprise,0.7446,sad,0.9595
sad/sad_2896.jpg,sad,fear,0.8611,sad,0.9419
sad/sad_2907.jpg,sad,sad,0.9965,sad,0.9958
sad/sad_2914.jpg,sad,fear,0.8888,fear,0.9526
sad/sad_2923.jpg,sad,sad,0.8716,sad,0.9199
sad/sad_2932.jpg,sad,fear,0.572,sad,0.7664
sad/sad_2942.jpg,sad,sad,0.8988,sad,0.729
sad/sad_2968.jpg,sad,sad,0.9163,sad,0.9987
sad/sad_3007.jpg,sad,fear,0.9794,fear,0.4896
sad/sad_3028.jpg,sad,neutral,0.6678,neutral,0.665
sad/sad_3033.jpg,sad,sad,0.9078,sad,0.8682
sad/sad_3045.jpg,sad,neutral,0.8472,fear,0.8538
sad/sad_3102.jpg,sad,sad,0.9904,sad,1.0
sad/sad_3108.jpg,sad,sad,0.9969,sad,0.9986
sad/sad_3142.jpg,sad,sad,0.975,sad,0.9067
surprise/surprise_0013.jpg,surprise,surprise,0.8151,fear,0.7884
surprise/surprise_0018.jpg,surprise,fear,0.496,surprise,0.4394
surprise/surprise_0030.jpg,surprise,fear,0.6541,neutral,0.6554
surprise/surprise_0043.jpg,surprise,surprise,0.5303,fear,0.864
surprise/surprise_0077.jpg,surprise,surprise,0.748,surprise,0.8668
surprise/surprise_0082.jpg,surprise,sad,0.6948,sad,0.9316
surprise/surprise_0097.jpg,surprise,surprise,0.5936,fear,0.4567
surprise/surprise_0110.jpg,surprise,neutral,0.9098,neutral,0.3382
surprise/surprise_0114.jpg,surprise,surprise,0.2914,fear,0.9958
surprise/surprise_0146.jpg,surprise,surprise,0.9858,surprise,0.9984
surprise/surprise_0156.jpg,surprise,surprise,0.9551,surprise,0.8668
surprise/surprise_0175.jpg,surprise,sad,0.3385,sad,0.9789
surprise/surprise_0182.jpg,surprise,fear,0.8672,fear,0.8988
surprise/surprise_0190.jpg,surprise,neutral,0.6676,neutral,0.5786
surprise/surprise_0194.jpg,surprise,fear,0.7094,surprise,0.5201
surprise/surprise_0203.jpg,surprise,fear,0.8647,sad,0.6623
surprise/surprise_0235.jpg,surprise,surprise,0.5975,surprise,0.9822
surprise/surprise_0237.jpg,surprise,fear,0.9941,fear,0.5918
surprise/surprise_0272.jpg,surprise,fear,0.4218,neutral,0.3404
surprise/surprise_0296.jpg,surprise,fear,0.9492,fear,0.3807
surprise/surprise_0304.jpg,surprise,surprise,0.8584,sad,0.7167
surprise/surprise_0308.jpg,surprise,sad,0.6368,neutral,0.5942
surprise/surprise_0328.jpg,surprise,sad,0.4583,surprise,0.4263
surprise/surprise_0333.jpg,surprise,fear,0.593,surprise,0.8811
surprise/surprise_0335.jpg,surprise,sad,0.7619,sad,0.6149
surprise/surprise_0342.jpg,surprise,fear,0.4317,sad,0.4239
surprise/surprise_0354.jpg,surprise,surprise,0.7171,fear,0.4307
surprise/surprise_0363.jpg,surprise,fear,0.5805,sad,0.9874
surprise/surprise_0370.jpg,surprise,surprise,0.4147,fear,0.4473
surprise/surprise_0385.jpg,surprise,surprise,0.5191,happy,0.7412
surprise/surprise_0386.jpg,surprise,surprise,0.686,surprise,0.5402
surprise/surprise_0395.jpg,surprise,surprise,0.9421,surprise,0.5796
surprise/surprise_0399.jpg,surprise,surprise,0.5204,angry,0.457
surprise/surprise_0400.jpg,surprise,fear,0.8695,fear,0.8225
surprise/surprise_0419.jpg,surprise,surprise,0.7555,surprise,0.9018
surprise/surprise_0421.jpg,surprise,fear,0.6533,sad,0.9838
surprise/surprise_0438.jpg,surprise,surprise,0.9836,surprise,0.8904
surprise/surprise_0442.jpg,surprise,sad,0.6656,sad,0.5151
surprise/surprise_0461.jpg,surprise,surprise,0.4145,sad,0.8585
surprise/surprise_0501.jpg,surprise,surprise,0.4968,fear,0.6293
surprise/surprise_0517.jpg,surprise,surprise,0.6218,fear,0.6853
surprise/surprise_0538.jpg,surprise,neutral,0.6318,sad,0.3852
surprise/surprise_0558.jpg,surprise,surprise,0.9975,surprise,0.8721
surprise/surprise_0580.jpg,surprise,fear,0.6812,fear,0.598
surprise/surprise_0605.jpg,surprise,neutral,0.308,fear,0.7241
surprise/surprise_0606.jpg,surprise,surprise,0.4501,neutral,0.7078
surprise/surprise_0628.jpg,surprise,fear,0.8976,surprise,0.599
surprise/surprise_0642.jpg,surprise,fear,0.4962,fear,0.8013
surprise/surprise_0647.jpg,surprise,surprise,0.6747,surprise,0.7429
surprise/surprise_0649.jpg,surprise,surprise,0.9536,surprise,0.8378
surprise/surprise_0659.jpg,surprise,neutral,0.5178,surprise,0.644
surprise/surprise_0681.jpg,surprise,surprise,0.9518,surprise,0.7877
surprise/surprise_0709.jpg,surprise,neutral,0.6165,neutral,0.7657
surprise/surprise_0717.jpg,surprise,neutral,0.9302,neutral,0.5228
surprise/surprise_0727.jpg,surprise,surprise,0.4549,surprise,0.5884
surprise/surprise_0747.jpg,surprise,fear,0.7107,fear,0.5813
surprise/surprise_0759.jpg,surprise,surprise,0.7692,fear,0.3203
surprise/surprise_0768.jpg,surprise,surprise,0.811,surprise,0.5386
surprise/surprise_0785.jpg,surprise,fear,0.9078,sad,0.6924
surprise/surprise_0791.jpg,surprise,happy,0.439,fear,0.5539
surprise/surprise_0794.jpg,surprise,surprise,0.9167,surprise,0.7024
surprise/surprise_0795.jpg,surprise,surprise,0.859,surprise,0.6204
surprise/surprise_0822.jpg,surprise,sad,0.6895,sad,0.8793
surprise/surprise_0830.jpg,surprise,surprise,0.862,surprise,0.4393
surprise/surprise_0835.jpg,surprise,fear,0.9246,fear,0.643
surprise/surprise_0859.jpg,surprise,surprise,0.7242,surprise,0.7261
surprise/surprise_0870.jpg,surprise,surprise,0.6818,surprise,0.8556
surprise/surprise_0882.jpg,surprise,fear,0.9119,neutral,0.6382
surprise/surprise_0942.jpg,surprise,surprise,0.9338,sad,0.5925
surprise/surprise_0944.jpg,surprise,surprise,0.7697,surprise,0.9613
surprise/surprise_0947.jpg,surprise,surprise,0.8243,surprise,0.8065
surprise/surprise_0957.jpg,surprise,surprise,0.6662,surprise,0.5387
surprise/surprise_0959.jpg,surprise,surprise,0.5907,fear,0.6558
surprise/surprise_0965.jpg,surprise,fear,0.9243,fear,0.9628
surprise/surprise_1002.jpg,surprise,fear,0.6693,sad,0.6355
surprise/surprise_1015.jpg,surprise,fear,0.4694,fear,0.7031
surprise/surprise_1019.jpg,surprise,sad,0.9664,sad,0.9022
surprise/surprise_1033.jpg,surprise,angry,0.4395,angry,0.5673
surprise/surprise_1060.jpg,surprise,surprise,0.595,sad,0.9466
surprise/surprise_1070.jpg,surprise,fear,0.747,fear,0.5979
surprise/surprise_1142.jpg,surprise,fear,0.6852,sad,0.7066
surprise/surprise_1144.jpg,surprise,surprise,0.9118,surprise,0.5206
surprise/surprise_1145.jpg,surprise,fear,0.5887,sad,0.4822
surprise/surprise_1169.jpg,surprise,fear,0.8775,fear,0.8192
surprise/surprise_1170.jpg,surprise,surprise,0.4204,neutral,0.9908
surprise/surprise_1209.jpg,surprise,fear,0.8521,fear,0.4988
surprise/surprise_1210.jpg,surprise,surprise,0.7049,happy,0.452
surprise/surprise_1240.jpg,surprise,fear,0.8979,fear,0.8486
surprise/surprise_1241.jpg,surprise,fear,0.656,fear,0.665
surprise/surprise_1257.jpg,surprise,neutral,0.673,surprise,0.6094
surprise/surprise_1258.jpg,surprise,fear,0.6935,surprise,0.8962
surprise/surprise_1270.jpg,surprise,sad,0.9177,sad,0.8428
surprise/surprise_1275.jpg,surprise,surprise,0.7152,fear,0.9189
surprise/surprise_1290.jpg,surprise,fear,0.8008,fear,0.5838
surprise/surprise_1307.jpg,surprise,surprise,0.9424,surprise,0.6607
surprise/surprise_1311.jpg,surprise,surprise,0.3436,angry,0.6302
surprise/surprise_1316.jpg,surprise,surprise,0.7849,neutral,0.4187
surprise/surprise_1348.jpg,surprise,sad,0.8258,neutral,0.5733
surprise/surprise_1375.jpg,surprise,neutral,0.8791,happy,0.9011
surprise/surprise_1378.jpg,surprise,surprise,0.8788,neutral,0.6442
surprise/surprise_1382.jpg,surprise,surprise,0.5954,fear,0.6896
surprise/surprise_1395.jpg,surprise,surprise,0.6605,surprise,0.461
surprise/surprise_1406.jpg,surprise,surprise,0.5365,neutral,0.4512
surprise/surprise_1407.jpg,surprise,surprise,0.915,surprise,0.7337
surprise/surprise_1409.jpg,surprise,surprise,0.9499,surprise,0.8521
surprise/surprise_1429.jpg,surprise,surprise,0.6372,surprise,0.9504
surprise/surprise_1442.jpg,surprise,happy,0.7382,happy,0.8692
surprise/surprise_1454.jpg,surprise,sad,0.8011,fear,0.561
surprise/surprise_1485.jpg,surprise,neutral,0.3877,fear,0.7239
surprise/surprise_1491.jpg,surprise,surprise,0.9143,surprise,0.9586
surprise/surprise_1502.jpg,surprise,neutral,0.5989,surprise,0.5215
surprise/surprise_1515.jpg,surprise,fear,0.9599,fear,0.705
surprise/surprise_1531.jpg,surprise,sad,0.6999,sad,0.5485
surprise/surprise_1538.jpg,surprise,sad,0.8742,sad,0.4966
surprise/surprise_1585.jpg,surprise,angry,0.74,sad,0.9192
surprise/surprise_1594.jpg,surprise,surprise,0.6363,surprise,0.5596
surprise/surprise_1597.jpg,surprise,surprise,0.7767,happy,0.9656
surprise/surprise_1614.jpg,surprise,surprise,0.3949,sad,0.458
surprise/surprise_1634.jpg,surprise,surprise,0.7569,surprise,0.8029
surprise/surprise_1635.jpg,surprise,fear,0.5746,surprise,0.9465
surprise/surprise_1661.jpg,surprise,surprise,0.8288,surprise,0.7862
surprise/surprise_1665.jpg,surprise,neutral,0.9205,neutral,0.9323
surprise/surprise_1675.jpg,surprise,surprise,0.9009,surprise,0.9803
surprise/surprise_1676.jpg,surprise,surprise,0.9061,surprise,0.7925
surprise/surprise_1686.jpg,surprise,fear,0.5346,neutral,0.7303
surprise/surprise_1726.jpg,surprise,surprise,0.6775,surprise,0.8294
surprise/surprise_1734.jpg,surprise,surprise,0.987,surprise,0.9735
surprise/surprise_1751.jpg,surprise,surprise,0.6999,surprise,0.8314
surprise/surprise_1774.jpg,surprise,surprise,0.9919,surprise,0.6818
surprise/surprise_1776.jpg,surprise,surprise,0.555,fear,0.9873
surprise/surprise_1839.jpg,surprise,surprise,0.8489,surprise,0.6665
surprise/surprise_1841.jpg,surprise,surprise,0.5808,surprise,0.9714
surprise/surprise_1849.jpg,surprise,surprise,0.8622,surprise,0.9928
surprise/surprise_1877.jpg,surprise,fear,0.9208,fear,0.8721
surprise/surprise_1880.jpg,surprise,neutral,0.6177,surprise,0.3625
surprise/surprise_1881.jpg,surprise,neutral,0.6532,happy,0.3921
surprise/surprise_1894.jpg,surprise,fear,0.9417,surprise,0.9356
surprise/surprise_1926.jpg,surprise,surprise,0.6245,surprise,0.872
surprise/surprise_1928.jpg,surprise,surprise,0.6531,happy,0.9595
surprise/surprise_1945.jpg,surprise,surprise,0.5824,sad,0.735
surprise/surprise_1973.jpg,surprise,fear,0.818,fear,0.4414
surprise/surprise_1989.jpg,surprise,surprise,0.5208,fear,0.5477
surprise/surprise_1994.jpg,surprise,fear,0.9703,fear,0.9688
surprise/surprise_1996.jpg,surprise,surprise,0.9967,surprise,0.9941
surprise/surprise_2022.jpg,surprise,surprise,0.7451,fear,0.8025
surprise/surprise_2023.jpg,surprise,fear,0.9375,neutral,0.591
surprise/surprise_2042.jpg,surprise,fear,0.7192,surprise,0.8133
surprise/surprise_2081.jpg,surprise,surprise,0.4707,surprise,0.8851
surprise/surprise_2084.jpg,surprise,neutral,0.4201,fear,0.8831
surprise/surprise_2091.jpg,surprise,fear,0.9616,fear,0.9712
surprise/surprise_2109.jpg,surprise,surprise,0.959,angry,0.48
surprise/surprise_2116.jpg,surprise,neutral,0.4574,neutral,0.9576
surprise/surprise_2132.jpg,surprise,surprise,0.66,surprise,0.5058
surprise/surprise_2225.jpg,surprise,surprise,0.9617,surprise,0.9056
surprise/surprise_2231.jpg,surprise,sad,0.479,surprise,0.8864
surprise/surprise_2242.jpg,surprise,surprise,0.8673,surprise,0.8107
surprise/surprise_2243.jpg,surprise,surprise,0.9781,surprise,0.9752
surprise/surprise_2245.jpg,surprise,surprise,0.8336,neutral,0.7642
surprise/surprise_2246.jpg,surprise,surprise,0.8396,fear,0.5421
surprise/surprise_2269.jpg,surprise,neutral,0.524,fear,0.6089
surprise/surprise_2302.jpg,surprise,sad,0.7005,sad,0.6442
surprise/surprise_2308.jpg,surprise,surprise,0.5771,neutral,0.7838
surprise/surprise_2310.jpg,surprise,sad,0.82,sad,0.9994
surprise/surprise_2315.jpg,surprise,fear,0.6055,fear,0.6881
surprise/surprise_2329.jpg,surprise,fear,0.8334,surprise,0.6053
surprise/surprise_2341.jpg,surprise,angry,0.7813,neutral,0.5292
surprise/surprise_2348.jpg,surprise,surprise,0.7928,surprise,0.8384
surprise/surprise_2353.jpg,surprise,surprise,0.7475,angry,0.4781
surprise/surprise_2361.jpg,surprise,sad,0.9676,neutral,0.3853
surprise/surprise_2385.jpg,surprise,surprise,0.618,surprise,0.9103
surprise/surprise_2391.jpg,surprise,surprise,0.8233,sad,0.6737
surprise/surprise_2423.jpg,surprise,surprise,0.9012,surprise,0.9735
surprise/surprise_2429.jpg,surprise,surprise,0.5494,fear,0.7098
surprise/surprise_2448.jpg,surprise,fear,0.3889,happy,0.8363
surprise/surprise_2450.jpg,surprise,happy,0.7495,happy,0.9258
surprise/surprise_2456.jpg,surprise,sad,0.793,sad,0.6132
surprise/surprise_2490.jpg,surprise,surprise,0.9071,fear,0.7651
surprise/surprise_2537.jpg,surprise,fear,0.944,surprise,0.9184
surprise/surprise_2539.jpg,surprise,fear,0.6477,sad,0.883
surprise/surprise_2556.jpg,surprise,surprise,0.9374,sad,0.4074
surprise/surprise_2577.jpg,surprise,surprise,0.9255,fear,0.7583
surprise/surprise_2578.jpg,surprise,sad,0.47,sad,0.6737
surprise/surprise_2579.jpg,surprise,surprise,0.966,surprise,0.7215
surprise/surprise_2610.jpg,surprise,sad,0.7644,sad,0.7211
surprise/surprise_2617.jpg,surprise,surprise,0.9771,happy,0.9317
surprise/surprise_2633.jpg,surprise,surprise,0.8083,fear,0.4432
surprise/surprise_2635.jpg,surprise,surprise,0.8834,surprise,0.8653
surprise/surprise_2656.jpg,surprise,neutral,0.4888,fear,0.9843
surprise/surprise_2676.jpg,surprise,neutral,0.4181,fear,0.5954
surprise/surprise_2684.jpg,surprise,fear,0.5519,fear,0.6014
surprise/surprise_2762.jpg,surprise,angry,0.4703,sad,0.5285
surprise/surprise_2764.jpg,surprise,surprise,0.7584,fear,0.3791
surprise/surprise_2773.jpg,surprise,fear,0.9833,fear,0.9265
surprise/surprise_2779.jpg,surprise,surprise,0.4596,fear,0.5545
surprise/surprise_2799.jpg,surprise,neutral,0.7476,fear,0.4236
surprise/surprise_2811.jpg,surprise,fear,0.7642,surprise,0.7996
surprise/surprise_4252.jpg,surprise,surprise,0.7134,surprise,0.8635
surprise/surprise_4256.jpg,surprise,surprise,0.5535,fear,0.4629
surprise/surprise_4296.jpg,surprise,surprise,0.4339,surprise,0.7546
surprise/surprise_4333.jpg,surprise,sad,0.5657,sad,0.6535
surprise/surprise_4355.jpg,surprise,sad,0.7394,surprise,0.4856
surprise/surprise_4420.jpg,surprise,sad,0.429,sad,0.7941
surprise/surprise_4431.jpg,surprise,fear,0.7057,surprise,0.9368
surprise/surprise_4477.jpg,surprise,surprise,0.4347,fear,0.5808
surprise/surprise_4501.jpg,surprise,sad,0.569,fear,0.4591
surprise/surprise_4560.jpg,surprise,sad,0.5477,sad,0.758
surprise/surprise_4618.jpg,surprise,sad,0.3991,surprise,0.9496
surprise/surprise_4656.jpg,surprise,sad,0.8442,surprise,0.6434
surprise/surprise_4737.jpg,surprise,surprise,0.4679,surprise,0.4583
surprise/surprise_4753.jpg,surprise,angry,0.4897,surprise,0.9972
surprise/surprise_4769.jpg,surprise,neutral,0.4425,fear,0.5193
surprise/surprise_4784.jpg,surprise,neutral,0.4713,surprise,0.6864
surprise/surprise_4789.jpg,surprise,fear,0.4822,surprise,0.8859
surprise/surprise_4802.jpg,surprise,surprise,0.5754,surprise,0.4542
surprise/surprise_4842.jpg,surprise,angry,0.5229,surprise,0.9417
surprise/surprise_4993.jpg,surprise,fear,0.8852,surprise,0.8251
surprise/surprise_5187.jpg,surprise,fear,0.485,surprise,0.7982
surprise/surprise_5192.jpg,surprise,sad,0.9535,sad,0.6265
surprise/surprise_5193.jpg,surprise,fear,0.6013,sad,0.8274
surprise/surprise_5238.jpg,surprise,fear,0.7002,surprise,0.9291
surprise/surprise_5284.jpg,surprise,angry,0.6102,surprise,0.8078
